,JOUEUR,POSTE,COTE,ENCHERE_MOY,CLUB,NOTE,NB_MATCH,BUTS,TEMPS,SAISON,ASSISTS,EXPECTED_GOALS,EXPECTED_ASSISTS
0,payet dimitri,MO,30,52.0,Marseille,5.4793939393939395,33,7,2424,2020,10,6.3,8.0
1,mbappe kylian,A,45,106.0,Paris,6.100322580645161,31,27,2387,2020,7,22.8,5.38
2,laborde gaetan,A,31,49.0,Rennes,5.662105263157895,38,16,3270,2020,8,11.3,5.43
3,gouiri amine,A,29,54.0,Nice,5.4748484848484855,33,10,2662,2020,0,0.0,0.0
4,delort andy,A,32,58.0,Nice,6.010666666666666,30,15,2491,2020,9,12.9,6.79
5,lucas paqueta,MO,23,43.0,Lyon,5.835333333333334,30,9,2287,2020,5,7.58,6.41
6,bayo mohamed,A,24,35.0,Clermont,5.60891891891892,37,22,3059,2020,0,0.0,0.0
7,rashani elbasan,MO,14,14.0,Clermont,0.0,0,0,0,2020,0,0.0,0.0
8,blas ludovic,MO,23,29.0,Nantes,5.760857142857143,35,10,2799,2020,4,7.89,3.5
9,dembele moussa,A,23,44.0,Lyon,4.43,21,1,765,2020,0,5.0,0.73
10,ben yedder wissam,A,31,72.0,Monaco,5.484444444444445,36,20,2535,2020,7,20.2,6.69
11,david jonathan,A,29,51.0,Lille,5.232222222222223,36,13,2302,2020,2,10.1,2.66
12,gueye idrissa,MD,15,17.0,Paris,5.480357142857144,28,2,1587,2020,1,0.89,0.82
13,germain valere,A,12,18.0,Montpellier,4.7299999999999995,24,3,845,2020,0,2.5,0.06
14,under cengiz,MO,19,28.0,Marseille,5.163333333333332,9,0,275,2020,0,0.0,0.0
15,herrera ander,MD,14,15.0,Paris,5.707741935483872,31,1,1845,2020,0,0.7,0.66
16,dolberg kasper,A,20,39.0,Nice,4.891666666666667,24,6,1840,2020,2,7.54,1.22
17,dieng bamba,A,5,8.0,Marseille,4.6,5,0,127,2020,0,0.15,0.0
18,fofana seko,MD,21,26.0,Lens,5.398666666666667,30,2,2310,2020,1,0.85,0.55
19,hakimi achraf,DL,23,44.0,Paris,5.591081081081081,37,7,2669,2020,0,0.0,0.0
20,ajorque ludovic,A,24,38.0,Strasbourg,5.303529411764707,34,16,2882,2020,4,15.8,3.36
21,sulemana kamaldeen,MO,13,16.0,Rennes,0.0,0,0,0,2020,0,0.0,0.0
22,icardi mauro,A,17,32.0,Paris,5.267999999999999,20,7,1074,2020,3,8.7,2.84
23,ekitike hugo,MO,9,9.0,Reims,4.75,2,0,86,2020,0,0.22,0.09
24,lauriente armand,MO,13,15.0,Lorient,5.241034482758621,29,3,1618,2020,5,3.39,5.3
25,diop sofiane,MO,18,25.0,Monaco,5.680645161290323,31,7,1985,2020,1,4.43,2.73
26,hwang ui jo,A,14,22.0,Bordeaux,4.9959999999999996,35,12,2449,2020,3,13.8,3.05
27,yilmaz burak,A,28,52.0,Lille,5.681481481481482,27,16,2028,2020,5,10.4,4.22
28,diallo habib,A,13,21.0,Strasbourg,4.987777777777778,36,9,2470,2020,3,8.54,2.49
29,khazri wahbi,MO,20,28.0,St Etienne,4.811818181818182,22,7,1192,2020,1,5.21,1.38
30,centonze fabien,DL,15,17.0,Metz,5.266111111111111,36,1,3222,2020,0,1.19,2.47
31,jean onana jean,MD,2,2.0,Bordeaux,0.0,0,0,0,2020,0,0.23,0.09
32,savanier teji,MD,24,34.0,Montpellier,5.660370370370371,27,5,2174,2020,5,5.72,6.88
33,faivre romain,MO,19,27.0,Brest,5.976000000000001,35,6,2808,2020,5,6.05,6.22
34,monconduit thomas,MD,13,14.0,Lorient,4.92074074074074,27,2,1148,2020,0,0.88,0.9
35,frankowski przemyslaw,MO,9,9.0,Lens,0.0,0,0,0,2020,0,0.0,0.0
36,boudaoui hichem,MO,15,19.0,Nice,4.924799999999999,25,3,1748,2020,2,1.96,1.84
37,traore ismael,DC,15,16.0,Angers,4.882424242424243,33,2,2904,2020,0,0.0,0.0
38,boufal sofiane,MO,15,15.0,Angers,4.995,14,1,736,2020,0,2.16,0.15
39,draxler julian,MO,15,15.0,Paris,5.484999999999999,24,4,1059,2020,3,1.81,3.94
40,thomasson adrien,MO,22,26.0,Strasbourg,5.251111111111111,36,5,2552,2020,1,6.34,4.8
41,mavididi stephy,A,23,32.0,Montpellier,5.114,35,9,2038,2020,0,5.8,1.19
42,terrier martin,MO,18,28.0,Rennes,5.351818181818182,33,9,2366,2020,7,5.97,3.87
43,chavalerin xavier,MD,14,16.0,Troyes,5.247241379310345,29,0,2459,2020,3,1.03,2.42
44,mangani thomas,MD,16,19.0,Angers,5.263529411764706,34,3,2626,2020,3,3.09,2.82
45,moreto cassama,MD,14,14.0,Reims,5.211428571428572,28,1,2030,2020,1,0.28,0.78
46,sotoca florian,A,17,22.0,Lens,5.08,32,8,2360,2020,3,10.5,3.65
47,ganago ignatius,A,17,26.0,Lens,5.239130434782608,23,7,1248,2020,0,7.55,1.04
48,kolo muani randal,A,17,27.0,Nantes,5.174324324324324,37,9,3040,2020,4,9.46,6.52
49,cardona irvin,A,18,25.0,Brest,4.728285714285715,35,8,1965,2020,0,0.0,0.0
50,le douaron jeremy,A,10,11.0,Brest,4.65,27,1,725,2020,2,1.59,0.57
51,bouanga denis,MO,22,28.0,St Etienne,5.085555555555556,36,7,2735,2020,4,12.2,3.56
52,touzghar yoann,A,17,24.0,Troyes,5.456,35,16,2590,2020,0,0.0,0.0
53,volland kevin,A,25,57.0,Monaco,5.604,35,16,2781,2020,7,11.1,5.54
54,moffi terem,A,25,39.0,Lorient,4.9425,32,14,2090,2020,2,10.7,2.91
55,martin jonas,MD,4,4.0,Rennes,4.99909090909091,11,0,438,2020,0,0.0,0.1
56,flips alexis,MO,7,8.0,Reims,5.254999999999999,2,1,41,2020,0,0.03,0.0
57,simon moses,MO,18,22.0,Nantes,5.1925,32,6,2250,2020,5,6.97,2.84
58,di maria angel,MO,30,47.0,Paris,5.793333333333333,27,4,1863,2020,0,0.0,0.0
59,honorat franck,MO,19,24.0,Brest,5.639428571428572,35,8,2423,2020,4,3.73,7.63
60,shaqiri xherdan,MO,17,26.0,Lyon,5.145714285714286,14,0,552,2020,0,0.0,0.0
61,neymar,A,31,76.0,Paris,5.9944444444444445,18,9,1412,2020,5,13.2,7.52
62,le fee enzo,MO,15,18.0,Lorient,5.2540000000000004,35,0,1726,2020,5,0.99,5.62
63,kakuta gael,MO,19,33.0,Lens,5.410882352941178,34,10,2344,2020,0,0.0,0.0
64,dossou jodel,MO,15,16.0,Clermont,5.715555555555556,36,12,2230,2020,0,0.0,0.0
65,clauss jonathan,MD,19,21.0,Lens,5.2696969696969695,33,3,2538,2020,6,1.67,6.75
66,kluivert justin,A,18,27.0,Nice,4.49,2,0,18,2020,0,0.0,0.0
67,munetsi marshall,MD,15,16.0,Reims,5.350769230769232,26,1,1838,2020,0,0.92,0.22
68,kebbal ilan,MO,10,10.0,Reims,5.436470588235294,34,3,2732,2020,0,0.0,0.0
69,toko ekambi karl,A,20,40.0,Lyon,5.733428571428572,35,14,2828,2020,6,17.9,7.0
70,denayer jason,DC,14,18.0,Lyon,5.356774193548387,31,1,2619,2020,0,0.55,0.0
71,emerson,DL,14,17.0,Lyon,4.993333333333332,3,0,92,2020,0,0.0,0.0
72,khephren thuram,MD,12,12.0,Nice,5.075,28,2,1423,2020,0,1.22,0.2
73,prcic sanjin,MD,12,12.0,Strasbourg,4.813076923076924,13,0,282,2020,0,0.0,0.0
74,andre benjamin,MD,14,23.0,Lille,5.637647058823529,34,0,2811,2020,0,0.0,0.02
75,thomas romain,DC,16,17.0,Angers,4.982424242424242,33,4,2936,2020,0,2.44,0.13
76,harit amine,MO,12,16.0,Marseille,0.0,0,0,0,2020,0,0.31,0.09
77,ounahi azzedine,MD,11,11.0,Angers,0.0,0,0,0,2020,0,0.0,0.0
78,tait flavien,MO,14,21.0,Rennes,5.61,22,1,1344,2020,3,1.99,2.08
79,guendouzi matteo,MD,20,25.0,Marseille,0.0,0,0,0,2020,0,0.0,0.0
80,gelson martins,A,16,23.0,Monaco,5.500909090909091,22,3,1483,2020,2,3.3,2.83
81,chirivella pedro,MD,13,15.0,Nantes,4.9712903225806455,31,0,2190,2020,2,0.42,1.04
82,mama balde,MO,11,14.0,Troyes,4.632068965517241,29,7,2169,2020,0,8.16,0.51
83,yazici yusuf,MO,15,21.0,Lille,5.388387096774194,31,7,1075,2020,4,4.71,3.52
84,golovin aleksandr,MO,13,26.0,Monaco,5.9,20,5,986,2020,9,2.83,6.02
85,gerson,MO,20,27.0,Marseille,0.0,0,0,0,2020,0,0.0,0.0
86,mollet florent,MO,19,26.0,Montpellier,5.1979411764705885,34,3,2369,2020,5,5.18,3.45
87,le goff vincent,DL,8,11.0,Lorient,4.5828,25,0,2217,2020,0,0.22,1.61
88,udol matthieu,DL,12,13.0,Metz,5.018399999999999,25,0,1722,2020,3,0.67,2.43
89,mounie steve,A,18,26.0,Brest,5.087647058823529,34,9,2603,2020,4,11.3,2.56
90,castelletto jean charles,DC,15,17.0,Nantes,4.894583333333334,24,1,1948,2020,0,1.97,0.22
91,stengs calvin,MO,11,19.0,Nice,0.0,0,0,0,2020,0,0.0,0.0
92,kalu samuel,MO,10,11.0,Bordeaux,5.185263157894736,19,4,957,2020,1,1.76,0.53
93,medina facundo,DL,10,10.0,Lens,4.913478260869565,23,2,1917,2020,0,1.17,0.64
94,oudin remi,MO,13,15.0,Bordeaux,5.231081081081081,37,4,2385,2020,4,4.06,5.6
95,said wesley,A,7,10.0,Lens,0.0,0,0,0,2020,0,0.0,0.0
96,ikone jonathan,MO,10,18.0,Lille,5.171111111111111,36,4,2103,2020,5,4.52,2.62
97,andrei girotto,DC,13,15.0,Nantes,5.0248484848484845,33,1,2574,2020,1,1.79,2.02
98,cho mohamed ali,MO,16,16.0,Angers,4.828,20,0,322,2020,0,1.62,0.09
99,cozza nicolas,DC,14,14.0,Montpellier,4.799999999999999,20,0,1373,2020,0,0.55,0.3
100,pembele timothee,DC,10,10.0,Bordeaux,5.081666666666667,6,1,380,2020,0,0.79,0.11
101,botman sven,DC,17,23.0,Lille,5.466666666666667,36,0,3221,2020,0,0.81,0.25
102,el hajjam oualid,DL,9,9.0,Troyes,5.1651851851851855,27,0,2220,2020,0,0.0,0.0
103,kiki kouyate,DC,11,13.0,Metz,5.18,25,1,1961,2020,0,1.23,0.2
104,slimani islam,A,13,21.0,Lyon,4.632631578947368,19,3,587,2020,2,1.37,1.12
105,chardonnet brendan,DC,11,14.0,Brest,5.167812499999999,32,3,2637,2020,1,3.17,0.65
106,bahoken stephane,A,11,17.0,Angers,4.75,30,6,1620,2020,2,7.46,1.15
107,maiga habib,MD,15,18.0,Metz,5.545483870967741,31,1,2696,2020,0,0.0,0.0
108,mexer,DC,8,11.0,Bordeaux,4.337777777777777,9,0,714,2020,0,0.09,0.03
109,ricardo mangas,DL,8,9.0,Bordeaux,0.0,0,0,0,2020,0,0.0,0.0
110,kolodziejczak timothee,DC,11,11.0,St Etienne,4.691666666666666,24,0,2037,2020,0,0.0,0.0
111,foket thomas,DL,12,15.0,Reims,4.898888888888888,36,0,3235,2020,3,0.18,1.19
112,sow saidou,DL,10,10.0,St Etienne,4.664,15,0,997,2020,0,0.44,0.11
113,gameiro kevin,A,16,26.0,Strasbourg,4.5600000000000005,27,4,1069,2020,0,0.0,0.0
114,de preville nicolas,A,7,9.0,Metz,4.815,32,1,1544,2020,2,3.73,3.78
115,niane ibrahima,A,14,20.0,Metz,4.8420000000000005,10,6,668,2020,0,3.52,0.17
116,sissoko ibrahima,MD,12,15.0,Strasbourg,5.162857142857143,35,0,2508,2020,0,1.24,0.33
117,rodrigues gerson,A,10,12.0,Troyes,0.0,0,0,0,2020,0,0.0,0.0
118,guirassy serhou,A,21,35.0,Rennes,5.1140740740740736,27,10,1765,2020,1,8.15,2.81
119,mara sekou,A,12,13.0,Bordeaux,4.680000000000001,8,1,225,2020,2,0.48,0.52
120,abergel laurent,MD,14,16.0,Lorient,5.227567567567568,37,3,2888,2020,1,1.31,1.77
121,lemina mario,MD,15,17.0,Nice,5.052857142857143,28,1,1704,2020,0,0.0,0.0
122,danilo pereira,MD,11,14.0,Paris,5.566521739130435,23,2,1428,2020,1,1.47,0.92
123,renato sanches,MO,9,17.0,Lille,5.404090909090908,22,1,1189,2020,3,2.38,2.08
124,nguette opa,A,3,4.0,Metz,5.096875000000001,16,3,1137,2020,1,3.26,0.63
125,verratti marco,MD,20,31.0,Paris,5.901428571428572,21,0,1490,2020,2,1.58,2.59
126,donnarumma gianluigi,G,10,22.0,Paris,5.472972972972973,37,0,3330,2020,0,0.14,0.41
127,dante,DC,14,14.0,Nice,5.63,8,2,685,2020,1,2.8,0.76
128,benitez walter,G,20,25.0,Nice,5.372432432432433,37,0,3330,2020,0,0.0,0.0
129,bard melvin,DL,13,13.0,Nice,4.96,14,0,425,2020,0,0.08,0.42
130,nardi paul,G,14,15.0,Lorient,4.814545454545455,22,0,1980,2020,0,0.0,0.07
131,marquinhos,DC,24,36.0,Paris,5.8,25,3,2129,2020,1,2.39,0.23
132,todibo jean clair,DC,16,20.0,Nice,4.924666666666667,15,1,1332,2020,0,0.83,0.06
133,rosario pablo,MD,14,15.0,Nice,0.0,0,0,0,2020,0,0.0,0.0
134,morel jeremy,DC,10,12.0,Lorient,4.57925925925926,27,0,2404,2020,0,0.27,0.12
135,aouar houssem,MO,22,33.0,Lyon,5.522000000000001,30,7,1789,2020,3,10.6,3.77
136,bernardoni paul,G,17,17.0,Angers,4.935945945945946,37,0,3330,2020,0,0.0,0.0
137,navas keylor,G,18,26.0,Paris,5.74241379310345,29,0,2520,2020,0,0.0,0.0
138,lopez pau,G,7,12.0,Marseille,5.1657142857142855,21,0,1816,2020,0,0.0,0.0
139,tchouameni aurelien,MD,18,27.0,Monaco,5.65457142857143,35,2,2981,2020,4,4.78,3.09
140,kouame rominigue,MD,10,10.0,Troyes,5.466451612903226,31,2,2641,2020,0,0.0,0.0
141,grbic ivo,G,14,15.0,Lille,0.0,0,0,0,2020,1,0.25,0.45
142,berthomier jason,MO,11,11.0,Clermont,5.8533333333333335,36,6,2313,2020,0,0.0,0.0
143,anthony lopes,G,17,23.0,Lyon,5.354210526315789,38,0,3420,2020,0,0.0,0.0
144,seidu alidu,DC,5,5.0,Clermont,5.249090909090909,22,0,847,2020,0,0.0,0.0
145,leca jean louis,G,16,19.0,Lens,5.292222222222223,36,0,3225,2020,0,0.0,0.0
146,lemoine fabien,MD,13,15.0,Lorient,5.003448275862069,29,1,1876,2020,1,2.78,1.01
147,rongier valentin,MD,11,14.0,Marseille,5.5,26,1,1895,2020,2,0.94,0.97
148,caleta car duje,DC,8,14.0,Marseille,5.056969696969697,33,2,2816,2020,1,1.05,1.38
149,schneiderlin morgan,MD,6,11.0,Nice,5.147407407407408,27,0,2107,2020,0,0.0,0.0
150,daniliuc flavius,DC,7,9.0,Nice,4.952173913043478,23,1,1475,2020,0,0.57,0.46
151,diallo abdou,DC,11,13.0,Paris,5.474545454545455,22,0,1488,2020,1,0.14,0.49
152,paredes leandro,MD,12,18.0,Paris,5.259047619047619,21,1,1308,2020,2,0.7,1.49
153,diousse assane,MD,6,7.0,St Etienne,5.0,1,0,1,2020,0,0.0,0.0
154,bajic stefan,G,7,7.0,St Etienne,2.5,1,0,90,2020,0,0.0,0.0
155,bourigeaud benjamin,MO,19,25.0,Rennes,5.586666666666666,36,6,2493,2020,5,4.28,5.08
156,mendy batista,DC,10,10.0,Angers,4.755000000000003,2,0,74,2020,0,0.0,0.0
157,mendes houboulang,DL,7,7.0,Lorient,4.30875,16,0,1212,2020,0,0.1,0.23
158,youssouf zaydou,MD,13,15.0,St Etienne,4.961379310344827,29,1,1221,2020,1,1.2,0.63
159,tardieu florian,MD,11,16.0,Troyes,5.963636363636364,33,6,2927,2020,0,0.0,0.0
160,cabot jimmy,MO,11,11.0,Angers,4.951904761904762,21,1,921,2020,1,0.85,1.16
161,manceau vincent,DL,13,13.0,Angers,4.796666666666666,27,0,2308,2020,0,0.18,0.9
162,ferri jordan,MD,14,16.0,Montpellier,5.0588235294117645,34,0,2592,2020,0,0.0,0.0
163,rafinha,MO,8,16.0,Paris,5.7556521739130435,23,0,1368,2020,4,1.48,3.0
164,matusiwa azor,MD,8,8.0,Reims,0.0,0,0,0,2020,0,0.0,0.0
165,sels matz,G,14,14.0,Strasbourg,4.656666666666667,6,0,540,2020,0,0.0,0.0
166,bellegarde jean ricner,MD,10,11.0,Strasbourg,5.216,35,1,2081,2020,1,2.53,2.54
167,kamara boubacar,MD,16,22.0,Marseille,5.4471428571428575,35,0,2905,2020,2,0.66,1.77
168,saliba william,DC,12,17.0,Marseille,5.069999999999999,20,1,1800,2020,0,0.77,0.04
169,da cunha lucas,MO,5,6.0,Nice,0.0,0,0,0,2020,0,0.32,0.06
170,konan ghislain,DL,14,18.0,Reims,5.006,30,2,2522,2020,1,0.25,0.93
171,assignon lorenz,DL,1,1.0,Rennes,0.0,0,0,0,2020,0,0.0,0.0
172,adli yacine,MO,12,20.0,Bordeaux,5.027428571428572,35,2,2414,2020,5,1.78,4.4
173,pallois nicolas,DC,14,16.0,Nantes,4.92,31,2,2686,2020,0,1.86,0.15
174,kimpembe presnel,DC,13,20.0,Paris,5.1814285714285715,28,0,2307,2020,0,0.14,0.27
175,gallon gauthier,G,14,14.0,Troyes,5.3223529411764705,34,0,3069,2020,0,0.0,0.0
176,del castillo romain,A,11,14.0,Brest,5.12,25,0,611,2020,0,0.0,0.0
177,xeka,MD,11,15.0,Lille,5.2075,32,1,1141,2020,2,0.6,1.71
178,lirola pol,DL,15,19.0,Marseille,5.021290322580645,31,2,2046,2020,1,0.93,1.01
179,bukari osman,A,8,9.0,Nantes,0.0,0,0,0,2020,0,0.0,0.0
180,gomis alfred,G,18,23.0,Rennes,5.340769230769231,26,0,2340,2020,0,0.0,0.0
181,fulgini angelo,MO,17,23.0,Angers,5.7375,32,7,2649,2020,3,5.08,4.77
182,pereira lage mathias,MO,8,14.0,Angers,5.204074074074073,27,4,1395,2020,0,0.0,0.0
183,diarra stephane,A,5,5.0,Lorient,4.703333333333333,12,0,176,2020,0,0.08,0.25
184,lafont alban,G,17,20.0,Nantes,5.335135135135135,37,0,3330,2020,0,0.0,0.0
185,messi lionel,A,49,110.0,Paris,6.909714285714286,35,30,3023,2020,0,0.0,0.0
186,guilbert frederic,DL,8,9.0,Strasbourg,5.197692307692307,13,1,1116,2020,4,0.41,1.81
187,le marchand maxime,DC,8,8.0,Strasbourg,4.74,2,0,122,2020,0,0.0,0.0
188,aholou jean eudes,MD,11,16.0,Strasbourg,5.298571428571429,28,2,2186,2020,2,2.06,0.99
189,gradit jonathan,DL,13,14.0,Lens,4.96625,32,0,2738,2020,1,0.04,0.31
190,diomande sinaly,DC,11,12.0,Lyon,5.2225925925925925,27,0,1118,2020,0,0.84,0.15
191,pajot vincent,MD,8,8.0,Metz,5.748333333333334,12,0,917,2020,0,0.0,0.0
192,danso kevin,DC,7,7.0,Lens,0.0,0,0,0,2020,0,0.0,0.0
193,kamara hassane,DL,14,19.0,Nice,5.245714285714286,35,2,2876,2020,1,1.53,2.47
194,rajkovic predrag,G,15,22.0,Reims,5.556666666666667,36,0,3195,2020,0,0.0,0.02
195,said rafiki,A,1,1.0,Brest,0.0,0,0,0,2020,0,0.0,0.0
196,doucoure cheick oumar,MD,14,17.0,Lens,5.455,32,2,2542,2020,1,1.1,1.14
197,weah timothy,A,9,15.0,Lille,4.744999999999999,28,3,864,2020,0,3.06,1.37
198,lihadji isaac,A,6,6.0,Lille,4.6659999999999995,15,0,186,2020,1,0.4,0.62
199,boateng jerome,DC,15,22.0,Lyon,0.0,0,0,0,2020,0,0.0,0.0
200,mandanda steve,G,17,22.0,Marseille,5.1483783783783785,37,0,3330,2020,0,0.0,0.0
201,gueye lamine,MO,10,11.0,Metz,5.0832,25,3,1374,2020,2,4.39,2.1
202,cyprien wylan,MO,8,15.0,Nantes,4.726923076923077,13,0,399,2020,0,0.0,0.0
203,kehrer thilo,DL,12,15.0,Paris,5.1450000000000005,24,0,1610,2020,0,0.4,0.58
204,dingome tristan,MO,7,8.0,Troyes,5.348461538461539,26,4,1671,2020,0,0.0,0.0
205,chambost dylan,MO,10,10.0,Troyes,5.240285714285714,35,1,2479,2020,0,0.0,0.0
206,bruno guimaraes,MD,14,22.0,Lyon,5.467272727272728,33,3,1758,2020,1,2.54,1.97
207,gueye pape,MD,14,21.0,Marseille,5.14,32,2,2055,2020,0,1.16,0.84
208,chotard joris,MD,10,11.0,Montpellier,4.7924137931034485,29,0,1154,2020,0,0.77,0.49
209,wijnaldum georginio,MO,20,37.0,Paris,5.447894736842106,38,2,2947,2020,0,0.0,0.0
210,meling birger,DL,14,17.0,Rennes,4.999200000000001,25,1,2250,2020,0,0.0,0.0
211,wooh christopher,DC,6,8.0,Lens,4.685384615384616,13,2,669,2020,0,0.0,0.0
212,laporte julien,DC,10,12.0,Lorient,4.721724137931035,29,0,2570,2020,0,0.0,0.0
213,nyamsi gerzino,DC,7,8.0,Strasbourg,5.04,14,1,869,2020,0,0.62,0.11
214,domingues brandon,MD,7,7.0,Troyes,5.032222222222222,18,3,323,2020,0,0.0,0.0
215,boura ismael,DL,9,10.0,Lens,4.946666666666667,18,0,734,2020,0,0.1,0.5
216,amadou onana,MD,8,10.0,Lille,0.0,0,0,0,2020,0,0.14,0.31
217,bertaud dimitry,G,12,12.0,Montpellier,5.893333333333334,9,0,744,2020,0,0.0,0.0
218,appiah dennis,DL,10,10.0,Nantes,4.7161904761904765,21,0,1544,2020,2,0.28,1.32
219,salmier yoann,DC,9,9.0,Troyes,5.203235294117648,34,2,2886,2020,0,0.0,0.0
220,doumbia souleyman,DL,11,11.0,Angers,4.735384615384615,26,0,2153,2020,0,0.0,0.0
221,cahuzac yannick,MD,12,15.0,Lens,5.34551724137931,29,1,2167,2020,0,1.51,0.61
222,balerdi leonardo,DC,12,16.0,Marseille,4.784285714285714,21,2,1634,2020,0,3.1,0.03
223,fofana youssouf,MD,15,22.0,Monaco,5.409411764705883,34,0,2791,2020,0,0.0,0.0
224,kabore issa,DL,7,7.0,Troyes,0.0,0,0,0,2020,0,0.0,0.0
225,sarr pape,MD,15,18.0,Metz,5.428181818181819,22,3,1593,2020,0,0.79,0.41
226,aouchiche adil,MO,13,17.0,St Etienne,5.307058823529411,34,2,1735,2020,5,3.04,5.37
227,el melali farid,MO,7,11.0,Angers,5.0,16,1,392,2020,0,0.0,0.0
228,sissokho issouf,MO,9,9.0,Bordeaux,5.108,5,1,59,2020,0,0.06,0.0
229,faussurier julien,DL,6,6.0,Brest,5.1575,16,0,859,2020,3,0.25,2.23
230,iglesias jonathan,MO,8,10.0,Clermont,5.323999999999999,35,2,1559,2020,0,0.0,0.0
231,haidara massadio,DL,8,15.0,Lens,5.3024000000000004,25,2,2135,2020,1,2.19,1.69
232,bamba jonathan,MO,19,31.0,Lille,5.713513513513513,37,5,2903,2020,0,0.0,0.0
233,bradaric domagoj,DL,8,12.0,Lille,5.205200000000001,25,1,1212,2020,2,0.23,0.97
234,niasse cheikh,MD,2,2.0,Lille,0.0,0,0,0,2020,0,0.03,0.0
235,jenz moritz,DC,7,7.0,Lorient,0.0,0,0,0,2020,0,0.0,0.0
236,le bris theo,DL,1,1.0,Lorient,0.0,0,0,0,2020,0,0.0,0.0
237,caqueret maxence,MD,14,16.0,Lyon,5.012758620689655,29,0,1761,2020,0,0.0,0.0
238,de la fuente konrad,MO,11,16.0,Marseille,0.0,0,0,0,2020,0,0.0,0.0
239,luan peres,DC,10,13.0,Marseille,0.0,0,0,0,2020,0,0.0,0.0
240,boulaya farid,MO,18,24.0,Metz,5.837878787878788,33,6,2820,2020,8,5.07,8.47
241,tchimbembe warren,A,4,4.0,Metz,4.9639999999999995,15,0,489,2020,0,0.0,0.0
242,fabregas cesc,MO,8,9.0,Monaco,5.164285714285715,21,2,873,2020,3,3.0,2.5
243,maripan guillermo,DC,15,23.0,Monaco,5.354285714285715,28,5,2087,2020,1,2.67,0.82
244,souquet arnaud,DL,9,11.0,Montpellier,4.869565217391305,23,1,1224,2020,1,0.18,0.57
245,sakho mamadou,DC,11,12.0,Montpellier,4.619999999999999,4,0,275,2020,0,0.0,0.0
246,atal youcef,DL,10,14.0,Nice,4.83388888888889,18,1,963,2020,0,0.46,0.74
247,lotomba jordan,DL,9,10.0,Nice,4.843103448275863,29,1,2037,2020,0,0.3,1.42
248,ebimbe eric,MD,3,3.0,Paris,4.84551724137931,29,1,2061,2020,1,2.89,2.11
249,nuno mendes,DL,15,23.0,Paris,0.0,0,0,0,2020,0,0.0,0.0
250,lopy dion,MD,7,8.0,Reims,5.255,4,0,256,2020,0,0.1,0.04
251,diouf andy,MO,3,3.0,Rennes,0.0,0,0,0,2020,0,0.0,0.0
252,djile nokoue bryan,DL,6,6.0,St Etienne,0.0,0,0,0,2020,0,0.0,0.0
253,siby mahame,MD,7,,Strasbourg,4.922857142857143,7,0,18,2020,0,0.0,0.0
254,kone youssouf,DL,4,4.0,Troyes,4.5,3,0,72,2020,0,0.0,0.0
255,roberts patrick,MO,6,7.0,Troyes,0.0,0,0,0,2020,0,0.0,0.0
256,sandler philippe,DC,6,6.0,Troyes,0.0,0,0,0,2020,0,0.0,0.0
257,machado deiver,DL,9,9.0,Lens,5.30483870967742,31,1,2741,2020,0,0.0,0.0
258,caio henrique,DL,17,23.0,Monaco,5.31741935483871,31,0,2374,2020,4,0.51,3.85
259,caci anthony,DL,10,12.0,Strasbourg,4.753636363636364,33,0,2805,2020,0,0.39,0.14
260,lienard dimitri,MO,14,21.0,Strasbourg,5.267647058823529,34,2,1826,2020,0,0.0,0.0
261,angel gomes,MO,7,8.0,Lille,0.0,0,0,0,2020,0,0.37,0.13
262,berisha valon,MO,9,9.0,Reims,5.1469565217391295,23,0,1609,2020,0,0.0,0.0
263,tell jordan,A,9,10.0,Clermont,4.4953125,32,2,741,2020,0,0.0,0.0
264,thiago mendes,MD,11,16.0,Lyon,5.431875000000001,32,0,2238,2020,1,1.12,1.26
265,pavlovic strahinja,DC,7,7.0,Monaco,5.02,1,0,1,2020,0,0.0,0.0
266,costil benoit,G,11,13.0,Bordeaux,5.171891891891892,37,0,3330,2020,0,0.0,0.0
267,otavio,MD,10,10.0,Bordeaux,5.4682352941176475,17,1,1471,2020,1,0.55,0.09
268,dilrosun javairo,MO,10,12.0,Bordeaux,0.0,0,0,0,2020,0,0.0,0.0
269,magnetti hugo,MD,10,12.0,Brest,5.076153846153847,13,0,600,2020,0,0.23,0.12
270,agoume lucien,MD,7,8.0,Brest,5.293333333333334,12,0,800,2020,0,0.0,0.0
271,allevinah jim,A,11,12.0,Clermont,5.840810810810811,37,12,2508,2020,0,0.0,0.0
272,tiago djalo,DC,8,9.0,Lille,5.028235294117647,17,0,865,2020,0,0.03,0.16
273,gudmundsson gabriel,DL,8,9.0,Lille,0.0,0,0,0,2020,0,0.0,0.0
274,oukidja alexandre,G,15,19.0,Metz,5.460588235294118,34,0,3058,2020,0,0.0,0.0
275,traore charles,DL,9,9.0,Nantes,4.645238095238096,21,1,1619,2020,0,0.24,0.22
276,abdelhamid yunis,DC,15,20.0,Reims,5.0925,32,3,2800,2020,0,0.0,0.0
277,faes wout,DC,11,13.0,Reims,4.9675,32,1,2811,2020,0,1.55,0.05
278,aguerd nayef,DC,15,19.0,Rennes,5.275294117647059,34,3,3058,2020,0,0.0,0.0
279,camara mahdi,MD,12,16.0,St Etienne,5.548918918918919,37,3,3295,2020,2,3.1,1.0
280,ristic mihailo,MO,10,11.0,Montpellier,4.872058823529412,34,0,2239,2020,2,0.59,2.05
281,neyou yvan,MD,12,15.0,St Etienne,5.338064516129032,31,1,2452,2020,2,1.18,2.33
282,azamoum karim,MD,8,8.0,Troyes,4.7676923076923075,13,0,574,2020,0,0.0,0.0
283,capelle pierrick,MO,10,13.0,Angers,5.018235294117648,34,3,2037,2020,3,3.26,1.9
284,medioub abdel jalil zaim idriss,DC,4,5.0,Bordeaux,0.0,0,0,0,2020,0,0.0,0.0
285,dubois leo,DL,15,20.0,Lyon,5.271621621621622,37,2,2916,2020,4,1.08,6.28
286,niakate sikou,DC,7,,Metz,4.928999999999999,30,1,2481,2020,0,0.0,0.0
287,jean lucas,MD,12,15.0,Monaco,4.9425,24,0,1178,2020,2,1.26,0.96
288,matazo eliot,MD,9,12.0,Monaco,5.051,10,1,313,2020,1,0.91,0.45
289,leroy leo,MO,7,10.0,Montpellier,4.699375,32,0,1794,2020,0,0.0,0.0
290,omlin jonas,G,5,16.0,Montpellier,5.3674193548387095,31,0,2674,2020,0,0.0,0.0
291,koffi n'dri,A,5,5.0,Reims,0.0,0,0,0,2020,0,0.0,0.0
292,doku jeremy,MO,16,29.0,Rennes,5.468,30,2,2318,2020,3,2.59,3.59
293,boudebouz ryad,MO,5,7.0,St Etienne,5.072857142857144,14,0,651,2020,1,1.93,2.46
294,jose fonte,DC,19,27.0,Lille,5.817428571428572,35,3,3097,2020,0,1.6,0.42
295,nordin arnaud,MO,12,14.0,St Etienne,5.1725,32,4,1783,2020,4,4.38,2.72
296,zerkane mehdi,MO,9,15.0,Bordeaux,4.978846153846154,26,1,1171,2020,0,0.0,0.0
297,david costa,MD,8,8.0,Lens,5.32,8,1,152,2020,0,0.0,0.0
298,cherki rayan,MO,9,17.0,Lyon,5.096296296296296,27,1,679,2020,0,0.0,0.0
299,kwateng enock,DL,9,10.0,Bordeaux,4.973529411764706,17,1,1020,2020,0,0.58,0.42
300,gastien johan,MD,12,12.0,Clermont,5.8994117647058815,34,1,3006,2020,0,0.0,0.0
301,traore boubacar,MD,8,8.0,Metz,5.734999999999999,2,1,52,2020,0,0.02,0.0
302,taibi waniss,MO,4,5.0,Angers,4.75,2,0,36,2020,0,0.0,0.02
303,m'bock hianga'a,MD,9,9.0,Brest,4.819090909090909,11,0,443,2020,0,0.14,0.12
304,khaoui saif eddine,MO,7,7.0,Clermont,5.083529411764705,17,2,599,2020,0,0.0,0.0
305,zedadka akim,DL,10,10.0,Clermont,5.219411764705883,34,1,2777,2020,0,0.0,0.0
306,boisgard quentin,MO,7,8.0,Lorient,5.130434782608695,23,2,1238,2020,0,0.0,0.0
307,igor silva,DC,9,10.0,Lorient,0.0,0,0,0,2020,0,0.0,0.0
308,petrot leo,MD,2,2.0,Lorient,0.0,0,0,0,2020,0,0.48,0.06
309,kadewere tinotenda,A,14,32.0,Lyon,5.163636363636363,33,10,2021,2020,3,10.5,3.56
310,keita habib,MD,3,9.0,Lyon,4.0,1,0,5,2020,0,0.46,0.0
311,lukeba castello,DC,7,7.0,Lyon,0.0,0,0,0,2020,0,0.0,0.0
312,gonzalez alvaro,DC,14,18.0,Marseille,5.2175,32,2,2834,2020,3,0.77,1.06
313,n'doram kevin,MD,9,11.0,Metz,4.496666666666666,6,0,307,2020,0,0.0,0.0
314,delaine thomas,DL,12,13.0,Metz,5.123333333333334,24,3,1780,2020,0,0.0,0.0
315,sidibe djibril,DL,15,17.0,Monaco,4.978,30,0,1976,2020,2,0.18,2.91
316,gioacchini nicholas,A,10,12.0,Montpellier,4.82875,32,4,2027,2020,0,0.0,0.0
317,corchia sebastien,DL,10,12.0,Nantes,4.934799999999999,25,0,2067,2020,1,0.88,2.45
318,pereira de sa roli,MO,9,9.0,Nantes,5.166666666666667,6,0,52,2020,0,0.14,0.02
319,brahimi billal,A,2,2.0,Reims,0.0,0,0,0,2020,0,0.01,0.43
320,saban mathys,MD,5,5.0,St Etienne,0.0,0,0,0,2020,0,0.0,0.0
321,giraudon jimmy,DC,12,13.0,Troyes,5.3500000000000005,32,0,2762,2020,0,0.0,0.0
322,ripart renaud,A,16,26.0,Troyes,5.063783783783784,37,11,2971,2020,0,10.3,2.02
323,disasi axel,DC,15,20.0,Monaco,5.160000000000001,28,2,1926,2020,0,0.0,0.0
324,moutoussamy samuel,MD,8,8.0,Nantes,0.0,0,0,0,2020,0,0.05,0.0
325,traore hamari,DL,14,18.0,Rennes,5.154000000000001,35,1,3002,2020,1,1.32,2.77
326,bade loic,DC,12,15.0,Rennes,4.933333333333334,30,0,2519,2020,0,0.75,0.38
327,nubel alexander,G,10,11.0,Monaco,0.0,0,0,0,2020,0,0.0,0.0
328,ebosse enzo,DL,3,4.0,Angers,4.093999999999999,5,0,238,2020,0,0.0,0.54
329,belkebla haris,MD,10,11.0,Brest,5.0582352941176465,34,0,2666,2020,0,0.13,0.47
330,da silva damien,DC,11,19.0,Lyon,5.2106896551724144,29,3,2574,2020,0,0.0,0.0
331,aguilar ruben,DL,13,15.0,Monaco,5.109375,32,1,2137,2020,3,0.68,5.08
332,emond renaud,A,7,8.0,Nantes,4.63590909090909,22,2,337,2020,0,1.64,0.12
333,toure el bilal,A,9,11.0,Reims,4.385625,32,3,1176,2020,0,0.0,0.0
334,majeed waris,A,7,7.0,Strasbourg,4.427142857142857,14,1,521,2020,0,1.87,0.07
335,coco marcus,MO,10,11.0,Nantes,4.787096774193548,31,0,1465,2020,2,0.86,0.97
336,biancone giulian,DL,7,7.0,Troyes,4.775000000000002,2,0,92,2020,0,0.04,0.07
337,bizot marco,G,9,9.0,Brest,0.0,0,0,0,2020,0,0.0,0.0
338,n'simba vital,DL,10,10.0,Clermont,5.331724137931035,29,0,2508,2020,0,0.0,0.0
339,wahi elye,A,10,12.0,Montpellier,4.880000000000001,17,3,540,2020,1,2.08,0.36
340,merlin quentin,MD,6,6.0,Nantes,0.0,0,0,0,2020,0,0.0,0.0
341,gravillon andreaw,DC,10,12.0,Reims,4.7869230769230775,26,2,2274,2020,0,0.0,0.0
342,diatta krepin,MO,7,8.0,Monaco,4.670833333333334,12,1,383,2020,0,0.73,0.07
343,omari warmed,DC,6,6.0,Rennes,0.0,0,0,0,2020,0,0.0,0.0
344,abdul samed salis,MD,7,7.0,Clermont,5.098000000000001,5,0,108,2020,0,0.0,0.0
345,ogier florent,DC,11,12.0,Clermont,5.39054054054054,37,0,3330,2020,0,0.0,0.0
346,grbic adrian,A,9,11.0,Lorient,4.545624999999999,32,3,861,2020,0,0.0,0.0
347,green etienne,G,16,17.0,St Etienne,5.56375,8,0,720,2020,0,0.0,0.0
348,duverne jean kevin,DC,9,12.0,Brest,4.533846153846155,26,1,1935,2020,0,0.72,0.58
349,thioub sada,A,7,11.0,Angers,4.821923076923076,26,1,1162,2020,1,1.14,1.6
350,bobichon antonin,MO,7,10.0,Angers,5.000869565217392,23,0,907,2020,0,0.34,0.34
351,briand jimmy,A,8,10.0,Bordeaux,4.5,23,1,524,2020,2,1.31,0.22
352,koscielny laurent,DC,10,10.0,Bordeaux,5.364,25,0,2128,2020,0,0.0,0.0
353,uronen jere,DL,10,10.0,Brest,0.0,0,0,0,2020,0,0.0,0.0
354,mendy arial,DL,6,6.0,Clermont,0.0,0,0,0,2020,0,0.0,0.0
355,arnaud kalimuendo arnaud,A,14,17.0,Lens,4.982758620689655,29,7,1291,2020,3,6.37,2.46
356,hergault jerome,DL,8,15.0,Lorient,4.818181818181818,22,2,1627,2020,0,0.43,0.29
357,ouattara dango,A,3,3.0,Lorient,0.0,0,0,0,2020,0,0.0,0.0
358,bourles redwan,MO,2,2.0,Lorient,0.0,0,0,0,2020,0,0.0,0.0
359,marcelo,DC,3,23.0,Lyon,5.495294117647059,34,3,2911,2020,0,1.25,0.34
360,gusto malo,DL,6,6.0,Lyon,4.989999999999998,2,0,2,2020,0,0.0,0.0
361,henrique,DL,8,10.0,Lyon,0.0,0,0,0,2020,5,0.2,2.35
362,amavi jordan,DL,7,10.0,Marseille,5.533846153846154,13,1,814,2020,0,0.19,0.22
363,sabaly cheick tidiane,A,9,9.0,Metz,4.996774193548387,31,3,1558,2020,0,0.0,0.0
364,bassi amine,MO,7,9.0,Metz,6.136111111111111,18,7,1390,2020,0,0.0,0.0
365,badiashile benoit,DC,16,20.0,Monaco,5.147058823529412,34,1,2781,2020,0,0.0,0.0
366,matsima chrislain,DC,5,6.0,Monaco,4.94,9,0,349,2020,0,0.1,0.31
367,thuler,DC,8,9.0,Montpellier,0.0,0,0,0,2020,0,0.0,0.0
368,fabio,DL,9,9.0,Nantes,4.574285714285714,21,0,1422,2020,0,0.03,0.08
369,geubbels willem,A,8,9.0,Nantes,4.384615384615385,13,1,274,2020,0,1.13,0.29
370,bitumazala nathan,MD,1,1.0,Paris,0.0,0,0,0,2020,0,0.0,0.0
371,santamaria baptiste,MD,19,23.0,Rennes,5.739999999999998,2,0,180,2020,0,0.06,0.18
372,ugochukwu lesley,MD,6,6.0,Rennes,5.159999999999999,3,0,64,2020,0,0.0,0.0
373,tchaouna loum,A,1,1.0,Rennes,0.0,0,0,0,2020,0,0.0,0.0
374,nade mickael,DC,5,5.0,St Etienne,0.0,0,0,0,2020,0,0.0,0.0
375,rivera maxence,A,4,4.0,St Etienne,4.531764705882353,17,0,224,2020,0,0.0,0.0
376,krasso jean phillipe,A,8,9.0,St Etienne,4.580000000000001,6,0,220,2020,0,0.0,0.0
377,fila karol,DL,9,10.0,Strasbourg,0.0,0,0,0,2020,0,0.0,0.0
378,chadli nassim,A,4,4.0,Troyes,4.5,3,0,28,2020,0,0.0,0.0
379,zoukrou tanguy,DC,5,5.0,Troyes,0.0,0,0,0,2020,0,0.0,0.0
380,sambia junior,MD,10,13.0,Montpellier,5.134722222222222,36,1,2446,2020,6,0.82,2.89
381,mbuku nathanael,A,15,23.0,Reims,5.380625,32,4,2229,2020,1,2.78,2.19
382,zeki celik mehmet,DL,13,20.0,Lille,5.2335714285714285,28,3,2300,2020,2,0.5,2.25
383,yade papa ndiaga,MO,8,11.0,Metz,5.048214285714286,28,3,991,2020,4,1.54,2.31
384,macon yvann,DL,8,8.0,St Etienne,5.243333333333333,6,1,539,2020,1,0.04,0.08
385,perrin lucas,DC,9,9.0,Strasbourg,5.137142857142857,7,1,305,2020,0,0.56,0.06
386,gregersen stian rode,DC,8,9.0,Bordeaux,0.0,0,0,0,2020,0,0.0,0.0
387,brassier lilian,DC,9,10.0,Brest,5.088181818181819,11,1,963,2020,1,0.41,0.77
388,coulibaly kalifa,A,8,14.0,Nantes,4.7175,16,3,914,2020,1,2.58,1.21
389,lumeka levi,MO,8,8.0,Troyes,4.778571428571429,14,0,641,2020,0,0.0,0.0
390,reinildo,DL,12,19.0,Lille,5.2475000000000005,28,0,2139,2020,0,0.0,0.0
391,esteve maxime,DL,7,7.0,Montpellier,0.0,0,0,0,2020,0,0.0,0.0
392,casimir ninga,A,8,8.0,Angers,0.0,0,0,0,2020,0,0.0,0.0
393,jean corentin,A,7,11.0,Lens,4.636818181818182,22,1,540,2020,1,1.64,0.47
394,makouana beni,A,3,3.0,Montpellier,0.0,0,0,0,2020,0,0.0,0.0
395,cafaro mathieu,MO,11,16.0,Reims,5.364,30,4,2029,2020,2,2.67,2.87
396,truffert adrien,DL,7,13.0,Rennes,5.1355172413793095,29,1,1958,2020,3,0.95,2.43
397,trauco miguel,DL,6,11.0,St Etienne,4.831923076923077,26,0,2035,2020,2,0.12,3.35
398,pierre gabriel ronael,DL,9,11.0,Brest,4.862857142857144,28,1,2225,2020,0,0.44,1.16
399,hountondji cedric,DC,10,10.0,Clermont,5.52,36,1,3231,2020,0,0.0,0.0
400,moukoudi harold,DC,11,14.0,St Etienne,5.042307692307693,26,3,2277,2020,1,1.8,1.35
401,bronn dylan,DC,11,13.0,Metz,4.965000000000001,38,2,3413,2020,0,2.24,0.33
402,abline matthis,A,7,7.0,Rennes,0.0,0,0,0,2020,0,0.0,0.0
403,badji youssouph,A,1,1.0,Brest,0.0,0,0,0,2020,0,0.0,0.0
404,busquets oriol,MD,7,8.0,Clermont,0.0,0,0,0,2020,0,0.0,0.0
405,desmas arthur,G,14,15.0,Clermont,5.527714285714286,35,0,3102,2020,0,0.0,0.0
406,alakouch sofiane,DL,5,9.0,Metz,4.500909090909091,22,0,1513,2020,0,0.0,0.0
407,isidor wilson,A,4,4.0,Monaco,0.0,0,0,0,2020,0,0.0,0.0
408,guessand evann,A,6,6.0,Nice,4.75,2,0,26,2020,0,0.04,0.0
409,donis anastasios,A,1,2.0,Reims,3.6666666666666665,3,0,96,2020,0,0.02,0.0
410,locko bradley,DL,4,4.0,Reims,0.0,0,0,0,2020,0,0.0,0.0
411,van bergen mitchell,A,7,8.0,Reims,0.0,0,0,0,2020,0,0.0,0.0
412,tel mathys,A,4,4.0,Rennes,0.0,0,0,0,2020,0,0.0,0.0
413,gourna douath lucas,MD,9,10.0,St Etienne,4.929999999999999,30,0,1317,2020,0,0.0,0.0
414,mensah gideon,DL,9,9.0,Bordeaux,0.0,0,0,0,2020,0,0.0,0.0
415,luis henrique,A,7,15.0,Marseille,5.130526315789474,19,0,668,2020,0,0.0,0.0
416,ramirez ignacio,A,8,12.0,St Etienne,0.0,0,0,0,2020,0,0.0,0.0
417,hamel pierre yves,A,7,8.0,Clermont,4.733181818181818,22,3,834,2020,0,0.0,0.0
418,boadu myron,A,9,18.0,Monaco,0.0,0,0,0,2020,0,0.0,0.0
419,djiku alexander,DC,9,10.0,Strasbourg,4.996551724137931,29,0,2528,2020,0,2.82,0.24
420,fransergio,MO,8,9.0,Bordeaux,0.0,0,0,0,2020,0,0.0,0.0
421,traore amadou,A,5,9.0,Bordeaux,4.578947368421052,19,0,285,2020,0,0.0,0.0
422,jakobs ismail,DL,7,9.0,Monaco,0.0,0,0,0,2020,0,0.0,0.0
423,guermouche yanis,A,1,1.0,Montpellier,0.0,0,0,0,2020,0,0.0,0.0
424,salin romain,G,6,7.0,Rennes,5.397333333333333,15,0,1350,2020,0,0.0,0.0
425,hamouma romain,MO,12,17.0,St Etienne,4.884137931034482,29,6,1773,2020,1,5.31,2.83
426,billong jean claude,DC,5,,Clermont,0.0,0,0,0,2020,0,0.0,0.0
427,leo jardim,G,7,11.0,Lille,0.0,0,0,0,2020,0,0.0,0.0
428,fontaine thomas,DC,4,4.0,Lorient,4.38,4,0,321,2020,0,0.25,0.0
429,joseph lenny,A,5,7.0,Metz,0.0,0,0,0,2020,0,0.0,0.0
430,bamba abdoulaye,DL,7,8.0,Angers,4.5,15,0,1259,2020,0,0.06,1.14
431,mandrea anthony,G,7,7.0,Angers,0.0,0,0,0,2020,0,0.0,0.0
432,petkovic danijel,G,4,4.0,Angers,0.0,0,0,0,2020,0,0.0,0.0
433,ould khaled zinedine,MD,5,8.0,Angers,4.67,3,0,35,2020,0,0.0,0.0
434,boma kevin,DC,1,1.0,Angers,0.0,0,0,0,2020,0,0.0,0.0
435,fatar noah,MO,5,,Angers,4.5,2,0,19,2020,0,0.0,0.0
436,drame ismael,DC,1,1.0,Angers,0.0,0,0,0,2020,0,0.23,0.04
437,lgharbi walim,MO,2,,Angers,0.0,0,0,0,2020,0,0.0,0.0
438,baysse paul,DC,7,10.0,Bordeaux,4.93,30,2,2523,2020,2,2.05,0.52
439,maja josh,A,6,9.0,Bordeaux,4.66,31,5,1573,2020,0,0.0,0.0
440,poussin gaetan,G,7,7.0,Bordeaux,0.0,0,0,0,2020,0,0.0,0.0
441,lauray alexandre,DC,2,2.0,Bordeaux,0.0,0,0,0,2020,0,0.0,0.0
442,rouyard davy,G,1,1.0,Bordeaux,0.0,0,0,0,2020,0,0.0,0.0
443,bakwa dilane,A,4,5.0,Bordeaux,4.75,6,0,44,2020,0,0.15,0.03
444,lima semedo darren,G,1,1.0,Bordeaux,0.0,0,0,0,2020,0,0.0,0.0
445,lacoux tom,MD,10,12.0,Bordeaux,4.83,12,0,522,2020,0,0.08,0.0
446,bokele mputu malcom,DC,1,1.0,Bordeaux,0.0,0,0,0,2020,0,0.0,0.0
447,malbec tidiane,G,1,1.0,Bordeaux,0.0,0,0,0,2020,0,0.0,0.0
448,elis alberth,MO,10,11.0,Bordeaux,0.0,0,0,0,2020,0,0.0,0.0
449,lasne paul,MD,6,7.0,Brest,5.09,22,0,1685,2020,0,0.82,0.29
450,herelle christophe,DC,5,6.0,Brest,4.72,16,0,1378,2020,0,0.0,0.0
451,cibois sebastien,G,3,3.0,Brest,4.83,3,0,270,2020,0,0.0,0.0
452,larsonneur gautier,G,7,15.0,Brest,5.18,34,0,3060,2020,0,0.0,0.0
453,bain denys,DC,1,1.0,Brest,0.0,0,0,0,2020,0,0.0,0.0
454,coudert gregoire,G,1,6.0,Brest,4.0,2,0,180,2020,0,0.0,0.0
455,benvindo killian,MO,1,1.0,Brest,0.0,0,0,0,2020,0,0.0,0.0
456,sow noah,MD,1,,Brest,0.0,0,0,0,2020,0,0.0,0.0
457,camblan axel,MO,1,,Brest,0.0,0,0,0,2020,0,0.0,0.0
458,teixeira bryan silva,A,3,4.0,Clermont,0.0,0,0,0,2020,0,0.0,0.0
459,djoco ouparine,G,7,7.0,Clermont,6.17,3,0,227,2020,0,0.0,0.0
460,magnin yohann,MD,6,7.0,Clermont,5.71,29,2,2302,2020,0,0.0,0.0
461,albert josue,DC,5,6.0,Clermont,5.0,5,0,120,2020,0,0.0,0.0
462,phojo jerome,DL,1,1.0,Clermont,0.0,0,0,0,2020,0,0.0,0.0
463,jaby nael,MO,2,3.0,Clermont,0.0,0,0,0,2020,0,0.0,0.0
464,baiye brandon,MD,2,,Clermont,0.0,0,0,0,2020,0,0.0,0.0
465,margueron lucas,G,3,7.0,Clermont,0.0,0,0,0,2020,0,0.0,0.0
466,boyer julien,DL,6,7.0,Clermont,0.0,0,0,0,2020,0,0.0,0.0
467,gnalega fred,MD,2,3.0,Clermont,0.0,0,0,0,2020,0,0.29,0.0
468,keita abdoulaye jules,A,6,9.0,Lens,0.0,0,0,0,2020,0,0.0,0.0
469,boli charles,MO,5,7.0,Lens,5.59,11,2,649,2020,0,0.0,0.0
470,farinez wuilker,G,7,7.0,Lens,5.33,3,0,105,2020,0,0.0,0.0
471,pandor yannick,G,1,1.0,Lens,0.0,0,0,0,2020,0,0.0,0.0
472,varane jonathan,MO,1,1.0,Lens,0.0,0,0,0,2020,0,0.0,0.0
473,cisse mohamed,A,1,1.0,Lens,0.0,0,0,0,2020,0,0.0,0.0
474,balde ibrahima,A,1,1.0,Lens,0.0,0,0,0,2020,0,0.0,0.0
475,valentino lesieur,G,1,1.0,Lens,0.0,0,0,0,2020,0,0.0,0.0
476,camara mamadou,MD,3,,Lens,0.0,0,0,0,2020,0,0.0,0.0
477,pied jeremy,DL,2,7.0,Lille,4.83,6,0,320,2020,0,0.03,0.46
478,jakubech adam,G,3,3.0,Lille,0.0,0,0,0,2020,0,0.0,0.0
479,dabila kouadio,DC,3,3.0,Lille,0.0,0,0,0,2020,0,0.0,0.0
480,karnezis orestis,G,1,7.0,Lille,0.0,0,0,0,2020,0,0.0,0.0
481,agouzoul saad,DC,3,3.0,Lille,0.0,0,0,0,2020,0,0.0,0.0
482,pizzuto eugenio,MD,4,4.0,Lille,0.0,0,0,0,2020,0,0.0,0.0
483,bouleghcha ismail,DC,3,3.0,Lille,0.0,0,0,0,2020,0,0.0,0.0
484,ascone rocco,MD,1,1.0,Lille,0.0,0,0,0,2020,0,0.0,0.0
485,kapi mustafa,MD,1,1.0,Lille,0.0,0,0,0,2020,0,0.0,0.0
486,raux jules,G,1,1.0,Lille,0.0,0,0,0,2020,0,0.0,0.0
487,dreyer matthieu,G,7,7.0,Lorient,4.9,15,0,1350,2020,0,0.0,0.0
488,callens thomas,G,1,1.0,Lorient,0.0,0,0,0,2020,0,0.0,0.0
489,loric samuel,DL,1,1.0,Lorient,0.0,0,0,0,2020,0,0.0,0.0
490,bartouche teddy,G,3,3.0,Lorient,0.0,0,0,0,2020,0,0.0,0.0
491,mouyokolo loris,DC,1,1.0,Lorient,5.0,1,0,19,2020,0,0.0,0.0
492,doumbouya malamine,MD,1,,Lorient,0.0,0,0,0,2020,0,0.0,0.0
493,meite bamo,MD,3,,Lorient,0.0,0,0,0,2020,0,0.0,0.0
494,reine adelaide jeff,MO,2,5.0,Lyon,5.1,15,1,1084,2020,2,1.57,2.09
495,pape cheikh diop gueye,MD,5,6.0,Lyon,4.9,20,0,1002,2020,0,0.0,0.0
496,augarreau cedric,MD,1,1.0,Lyon,0.0,0,0,0,2020,0,0.0,0.0
497,pollersbeck julian,G,7,7.0,Lyon,0.0,0,0,0,2020,0,0.0,0.0
498,barcola malcolm,G,4,4.0,Lyon,0.0,0,0,0,2020,0,0.0,0.0
499,da silva florent,MD,1,1.0,Lyon,5.0,1,0,2,2020,0,0.0,0.0
500,lega sekou,A,1,1.0,Lyon,0.0,0,0,0,2020,0,0.0,0.0
501,nsombi gael,A,1,1.0,Lyon,0.0,0,0,0,2020,0,0.0,0.0
502,milik arkadiusz,A,19,45.0,Marseille,5.57,15,9,1224,2020,1,7.98,1.04
503,ngapandouetnbu simon,G,1,4.0,Marseille,0.0,0,0,0,2020,0,0.0,0.0
504,kamardin aaron,DC,1,1.0,Marseille,0.0,0,0,0,2020,0,0.0,0.0
505,bertelli ugo,MD,1,1.0,Marseille,0.0,0,0,0,2020,0,0.0,0.0
506,ahmed nassim,MD,1,3.0,Marseille,0.0,0,0,0,2020,0,0.0,0.0
507,souare cheick,MD,1,1.0,Marseille,5.0,1,0,9,2020,0,0.0,0.0
508,rahou jores,MO,1,1.0,Marseille,0.0,0,0,0,2020,0,0.0,0.0
509,ben seghir salim,A,1,2.0,Marseille,4.5,1,0,6,2020,0,0.0,0.0
510,tongya franco,MD,1,1.0,Marseille,0.0,0,0,0,2020,0,0.0,0.0
511,targhalline oussama,MD,1,1.0,Marseille,0.0,0,0,0,2020,0,0.0,0.0
512,sciortino paolo,MD,1,,Marseille,0.0,0,0,0,2020,0,0.0,0.0
513,caprice amay,DL,1,1.0,Marseille,0.0,0,0,0,2020,0,0.0,0.0
514,nadir bilal,MD,1,1.0,Marseille,0.0,0,0,0,2020,0,0.0,0.0
515,gebreyesus esey,A,1,1.0,Marseille,0.0,0,0,0,2020,0,0.0,0.0
516,benyahia tani aylan,A,1,,Marseille,0.0,0,0,0,2020,0,0.0,0.0
517,kada joakim,DC,1,1.0,Marseille,0.0,0,0,0,2020,0,0.0,0.0
518,nazaretian manuel,G,1,1.0,Marseille,0.0,0,0,0,2020,0,0.0,0.0
519,caillard marc aurele,G,7,7.0,Metz,4.5,5,0,361,2020,0,0.0,0.0
520,cabit manuel,DL,1,1.0,Metz,0.0,0,0,0,2020,0,0.0,0.0
521,lacroix lenny,DC,1,1.0,Metz,0.0,0,0,0,2020,0,0.0,0.0
522,mikelbrencis william,DC,1,1.0,Metz,0.0,0,0,0,2020,0,0.0,0.0
523,ba ousmane,G,3,3.0,Metz,0.0,0,0,0,2020,0,0.0,0.0
524,mbengue amadou salif,MD,1,,Metz,0.0,0,0,0,2020,0,0.0,0.0
525,oberhauser david,G,7,7.0,Metz,0.0,0,0,0,2020,0,0.0,0.0
526,mannone vito,G,3,7.0,Monaco,5.0,9,0,810,2020,0,0.24,0.29
527,marcelin jean,DC,6,9.0,Monaco,0.0,0,0,0,2020,0,0.14,0.24
528,majecki radoslaw,G,7,7.0,Monaco,5.0,1,0,90,2020,0,0.0,0.0
529,decarpentrie valentin,MO,1,1.0,Monaco,0.0,0,0,0,2020,0,0.0,0.0
530,bongiovanni adrien,MO,2,2.0,Monaco,0.0,0,0,0,2020,0,0.0,0.0
531,lemarechal felix,MO,3,3.0,Monaco,0.0,0,0,0,2020,0,0.0,0.0
532,lienard yann,G,1,1.0,Monaco,0.0,0,0,0,2020,0,0.0,0.0
533,pedro mendes,DC,3,4.0,Montpellier,5.0,22,2,1628,2020,0,1.28,0.2
534,oyongo ambroise,DL,1,1.0,Montpellier,5.0,13,1,551,2020,1,0.32,0.22
535,matis carvalho matis,G,7,7.0,Montpellier,0.0,0,0,0,2020,0,0.0,0.0
536,suarez mathias,DL,1,1.0,Montpellier,0.0,0,0,0,2020,0,0.0,0.0
537,tamas thibault,DL,1,1.0,Montpellier,0.0,0,0,0,2020,0,0.0,0.0
538,mendy oucasse,A,1,1.0,Montpellier,0.0,0,0,0,2020,0,0.0,0.0
539,delaye sacha,A,1,4.0,Montpellier,0.0,0,0,0,2020,0,0.0,0.0
540,petric denis,G,7,7.0,Nantes,0.0,0,0,0,2020,0,0.0,0.0
541,augustin jean kevin,A,1,1.0,Nantes,4.5,3,0,34,2020,0,0.0,0.0
542,descamps remy,G,7,7.0,Nantes,0.0,0,0,0,2020,0,0.0,0.0
543,wague molla,DC,3,3.0,Nantes,5.17,24,1,2055,2020,0,0.0,0.0
544,limbombe anthony,MO,3,3.0,Nantes,0.0,0,0,0,2020,0,0.0,0.0
545,moustache wesley,DL,1,1.0,Nantes,0.0,0,0,0,2020,0,0.0,0.0
546,jan charly,G,1,1.0,Nantes,0.0,0,0,0,2020,0,0.0,0.0
547,sylla abdoulaye,DC,3,3.0,Nantes,5.0,2,0,7,2020,0,0.0,0.0
548,manvelyan gor,MO,4,4.0,Nantes,0.0,0,0,0,2020,0,0.0,0.0
549,eneme bocari santiago,MO,1,1.0,Nantes,0.0,0,0,0,2020,0,0.0,0.0
550,bonelli lucas,G,1,1.0,Nantes,0.0,0,0,0,2020,0,0.0,0.0
551,m'bemba yannis,DC,3,5.0,Nantes,0.0,0,0,0,2020,0,0.0,0.0
552,claude maurice alexis,MO,11,22.0,Nice,5.14,29,4,1818,2020,5,4.39,3.81
553,bulka marcin,G,7,7.0,Nice,5.65,10,0,900,2020,0,0.0,0.0
554,wade paul,MD,1,11.0,Nice,0.0,0,0,0,2020,0,0.0,0.0
555,robson bambu,DC,5,5.0,Nice,4.93,14,0,1012,2020,0,0.06,0.0
556,sotona ayodeji,A,1,1.0,Nice,0.0,0,0,0,2020,0,0.0,0.0
557,boulhendi teddy,G,3,3.0,Nice,0.0,0,0,0,2020,0,0.0,0.0
558,smith justin,MD,3,,Nice,0.0,0,0,0,2020,0,0.0,0.0
559,kurzawa layvin,DL,5,10.0,Paris,5.03,19,1,1281,2020,1,0.93,2.02
560,letellier alexandre,G,1,2.0,Paris,0.0,0,0,0,2020,0,0.0,0.0
561,ramos sergio,DC,17,30.0,Paris,5.7,15,2,1276,2020,0,0.0,0.0
562,rico sergio,G,3,5.0,Paris,5.4,10,0,810,2020,0,0.0,0.0
563,fressange alexandre,A,1,1.0,Paris,0.0,0,0,0,2020,0,0.0,0.0
564,dagba colin,DL,10,12.0,Paris,5.16,25,1,1356,2020,2,0.71,1.21
565,bernat juan,DL,3,7.0,Paris,4.83,3,0,191,2020,0,0.0,0.09
566,bitshiabu el chadaille,DC,1,1.0,Paris,0.0,0,0,0,2020,0,0.0,0.0
567,simons xavi,MD,3,4.0,Paris,5.0,1,0,1,2020,0,0.04,0.0
568,michut edouard,MD,6,6.0,Paris,5.0,1,0,1,2020,0,0.0,0.0
569,fadiga bandiougou,MO,1,1.0,Paris,4.75,10,0,98,2020,0,0.0,0.0
570,gharbi ismael,MO,1,1.0,Paris,0.0,0,0,0,2020,0,0.0,0.0
571,diouf yehvann,G,7,7.0,Reims,5.5,2,0,135,2020,0,0.0,0.0
572,hornby fraser,MO,4,4.0,Reims,4.33,3,0,32,2020,0,0.2,0.0
573,doumbia moussa,MO,5,9.0,Reims,5.2,23,0,896,2020,1,0.51,2.22
574,sissoko sambou,MD,3,,Reims,0.0,0,0,0,2020,0,0.0,0.0
575,zeneli arber,MO,5,12.0,Reims,5.28,27,3,1257,2020,3,1.58,1.95
576,doucoure fode,DL,5,5.0,Reims,4.71,7,0,330,2020,0,0.41,0.62
577,valentim enzo,DC,1,1.0,Reims,0.0,0,0,0,2020,0,0.0,0.0
578,mbow mamadou,DC,3,,Reims,0.0,0,0,0,2020,0,0.0,0.0
579,penneteau nicolas,G,3,3.0,Reims,0.0,0,0,0,2020,0,0.0,0.0
580,niang m'baye,A,3,5.0,Rennes,4.63,8,1,357,2020,0,1.17,0.02
581,gelin jeremy,DC,6,7.0,Rennes,0.0,0,0,0,2020,0,0.0,0.0
582,guclu metehan,A,1,1.0,Rennes,4.38,12,0,267,2020,0,0.0,0.0
583,bonet pepe,G,1,1.0,Rennes,0.0,0,0,0,2020,0,0.0,0.0
584,alemdar dogan,G,3,4.0,Rennes,0.0,0,0,0,2020,0,0.0,0.0
585,majer lovro,MO,10,14.0,Rennes,0.0,0,0,0,2020,0,0.0,0.0
586,gabriel silva,DL,7,8.0,St Etienne,5.0,4,0,356,2020,0,0.0,0.17
587,tshibuabua marvin,DC,1,1.0,St Etienne,5.0,1,0,42,2020,0,0.38,0.0
588,benkhedim bilal,MO,1,1.0,St Etienne,4.67,3,0,72,2020,0,0.0,0.05
589,ghezali lamine,A,1,1.0,St Etienne,0.0,0,0,0,2020,0,0.0,0.0
590,sissoko alpha,DL,3,3.0,St Etienne,4.11,9,0,472,2020,0,0.0,0.0
591,moueffek aimen,MD,7,8.0,St Etienne,4.71,19,0,733,2020,0,0.08,0.31
592,sidibe abdoulaye,A,1,1.0,St Etienne,0.0,0,0,0,2020,0,0.0,0.0
593,gabard baptiste,MD,3,3.0,St Etienne,4.5,2,0,134,2020,0,0.0,0.05
594,fall boubacar,G,3,3.0,St Etienne,0.0,0,0,0,2020,0,0.0,0.0
595,bakayoko abdoulaye,DC,1,1.0,St Etienne,0.0,0,0,0,2020,0,0.0,0.0
596,ouennas nabil,G,1,1.0,St Etienne,0.0,0,0,0,2020,0,0.0,0.0
597,lhery yanis,A,1,1.0,St Etienne,0.0,0,0,0,2020,0,0.0,0.0
598,kawashima eiji,G,7,7.0,Strasbourg,5.17,23,0,2070,2020,0,0.02,0.0
599,kamara bingourou,G,3,3.0,Strasbourg,4.5,8,0,720,2020,0,0.0,0.0
600,mothiba lebo,A,3,4.0,Strasbourg,0.0,0,0,0,2020,0,0.0,0.0
601,besic benjamin,MO,1,1.0,Strasbourg,0.0,0,0,0,2020,0,0.0,0.0
602,sommer noe,MO,1,,Strasbourg,0.0,0,0,0,2020,0,0.0,0.0
603,pierre alexandre,G,1,1.0,Strasbourg,0.0,0,0,0,2020,0,0.0,0.0
604,elimbi gilbert marvin,DC,1,1.0,Strasbourg,0.0,0,0,0,2020,0,0.0,0.0
605,sahi dion moises,A,6,7.0,Strasbourg,4.5,3,0,47,2020,0,0.0,0.0
606,ahmed aymeric,MO,1,,Strasbourg,0.0,0,0,0,2020,0,0.0,0.0
607,habib diarra,MD,3,,Strasbourg,0.0,0,0,0,2020,0,1.31,0.21
608,bellarouch alaa,G,1,1.0,Strasbourg,0.0,0,0,0,2020,0,0.0,0.0
609,kandil nordine,MO,6,,Strasbourg,0.0,0,0,0,2020,0,0.0,0.0
610,moulin jessy,G,7,8.0,Troyes,4.81,29,0,2610,2020,0,0.0,0.0
611,rami adil,DC,5,6.0,Troyes,0.0,0,0,0,2020,0,1.22,0.12
612,massouema eden,MD,3,,Troyes,0.0,0,0,0,2020,0,0.0,0.0
613,suk hyun jun,A,7,9.0,Troyes,4.68,17,3,567,2020,0,0.0,0.0
614,larouci yasser,DL,7,9.0,Troyes,0.0,0,0,0,2020,0,0.0,0.0
615,palmer brown erik,DC,10,11.0,Troyes,0.0,0,0,0,2020,0,0.0,0.0
616,bouallak ryan,G,1,2.0,Troyes,5.0,1,0,10,2020,0,0.0,0.0
617,abdallah benrandy,DL,1,,Troyes,0.0,0,0,0,2020,0,0.0,0.0
618,mutombo gabriel,DC,3,3.0,Troyes,4.81,18,0,530,2020,0,0.0,0.0
619,bombo calvin,MD,1,1.0,Troyes,0.0,0,0,0,2020,0,0.0,0.0
620,renot sebastien,G,3,5.0,Troyes,5.33,3,0,260,2020,0,0.0,0.0
621,alfatahi enzo,DC,1,1.0,Troyes,0.0,0,0,0,2020,0,0.0,0.0
622,fage ryan,MO,1,29.0,Troyes,0.0,0,0,0,2020,0,0.0,0.0
623,metinho,MD,7,11.0,Troyes,0.0,0,0,0,2020,0,0.0,0.0
624,mazou sacko derek,MD,1,,Troyes,0.0,0,0,0,2020,0,0.0,0.0
625,kohon rudy,DC,1,1.0,Troyes,0.0,0,0,0,2020,0,0.0,0.0
0,payet dimitri,MO,30,52.0,Marseille,6.7,5,5,450,2021,1,2.24,1.76
1,mbappe kylian,A,45,106.0,Paris,6.44,8,5,697,2021,3,5.06,3.18
2,laborde gaetan,A,31,49.0,Rennes,5.88,8,5,684,2021,0,4.37,1.12
3,gouiri amine,A,29,54.0,Nice,5.79,7,5,603,2021,2,6.26,1.94
4,delort andy,A,32,58.0,Nice,6.43,7,4,536,2021,2,4.15,2.47
5,lucas paqueta,MO,23,43.0,Lyon,6.0,8,4,520,2021,0,2.69,0.64
6,bayo mohamed,A,24,35.0,Clermont,5.93,7,4,547,2021,2,3.71,1.55
7,rashani elbasan,MO,14,14.0,Clermont,5.81,8,4,390,2021,1,1.32,1.3
8,blas ludovic,MO,23,29.0,Nantes,5.81,8,4,695,2021,0,3.24,0.7
9,dembele moussa,A,23,44.0,Lyon,5.33,6,4,466,2021,1,3.27,1.13
10,ben yedder wissam,A,31,72.0,Monaco,5.13,8,4,489,2021,1,3.3,0.71
11,david jonathan,A,29,51.0,Lille,5.0,8,4,545,2021,0,3.94,0.66
12,gueye idrissa,MD,15,17.0,Paris,6.6,5,3,423,2021,0,0.41,1.0
13,germain valere,A,12,18.0,Montpellier,6.13,4,3,351,2021,0,1.83,0.2
14,under cengiz,MO,19,28.0,Marseille,6.07,7,3,519,2021,0,1.7,1.36
15,herrera ander,MD,14,15.0,Paris,6.06,8,3,584,2021,2,0.81,0.85
16,dolberg kasper,A,20,39.0,Nice,6.0,4,3,198,2021,0,1.94,0.02
17,dieng bamba,A,5,8.0,Marseille,5.9,5,3,298,2021,0,2.6,0.0
18,fofana seko,MD,21,26.0,Lens,5.88,8,3,720,2021,0,2.32,0.4
19,hakimi achraf,DL,23,44.0,Paris,5.81,8,3,626,2021,2,0.79,2.49
20,ajorque ludovic,A,24,38.0,Strasbourg,5.81,8,3,646,2021,4,2.98,2.11
21,sulemana kamaldeen,MO,13,16.0,Rennes,5.63,8,3,439,2021,0,1.1,1.16
22,icardi mauro,A,17,32.0,Paris,5.43,7,3,375,2021,0,2.33,0.3
23,ekitike hugo,MO,9,9.0,Reims,5.25,8,3,319,2021,1,1.33,0.47
24,lauriente armand,MO,13,15.0,Lorient,5.19,8,3,594,2021,0,1.32,0.54
25,diop sofiane,MO,18,25.0,Monaco,5.19,8,3,548,2021,0,1.8,0.31
26,hwang ui jo,A,14,22.0,Bordeaux,5.14,7,3,596,2021,1,2.41,0.23
27,yilmaz burak,A,28,52.0,Lille,5.14,7,3,629,2021,2,4.23,1.1
28,diallo habib,A,13,21.0,Strasbourg,5.0,8,3,379,2021,0,2.55,0.61
29,khazri wahbi,MO,20,28.0,St Etienne,4.88,8,3,635,2021,0,1.57,1.64
30,centonze fabien,DL,15,17.0,Metz,4.86,7,3,630,2021,0,0.25,0.16
31,jean onana jean,MD,2,2.0,Bordeaux,6.33,3,2,225,2021,0,0.7,0.08
32,savanier teji,MD,24,34.0,Montpellier,6.29,7,2,629,2021,3,1.06,1.17
33,faivre romain,MO,19,27.0,Brest,6.0,7,2,609,2021,3,2.14,1.34
34,monconduit thomas,MD,13,14.0,Lorient,5.88,8,2,457,2021,0,0.25,0.3
35,frankowski przemyslaw,MO,9,9.0,Lens,5.86,7,2,490,2021,3,0.22,1.4
36,boudaoui hichem,MO,15,19.0,Nice,5.83,6,2,371,2021,1,0.51,0.7
37,traore ismael,DC,15,16.0,Angers,5.69,8,2,720,2021,0,1.38,0.12
38,boufal sofiane,MO,15,15.0,Angers,5.64,7,2,484,2021,0,1.33,1.1
39,draxler julian,MO,15,15.0,Paris,5.64,7,2,270,2021,2,1.62,0.72
40,thomasson adrien,MO,22,26.0,Strasbourg,5.63,8,2,592,2021,1,1.76,1.2
41,mavididi stephy,A,23,32.0,Montpellier,5.57,7,2,537,2021,2,1.04,1.45
42,terrier martin,MO,18,28.0,Rennes,5.57,7,2,465,2021,0,1.56,1.48
43,chavalerin xavier,MD,14,16.0,Troyes,5.57,7,2,579,2021,1,0.79,0.61
44,mangani thomas,MD,16,19.0,Angers,5.56,8,2,561,2021,2,1.65,0.74
45,moreto cassama,MD,14,14.0,Reims,5.4,5,2,199,2021,0,0.52,0.0
46,sotoca florian,A,17,22.0,Lens,5.38,8,2,556,2021,2,3.77,1.47
47,ganago ignatius,A,17,26.0,Lens,5.3,5,2,359,2021,0,0.68,0.18
48,kolo muani randal,A,17,27.0,Nantes,5.21,7,2,517,2021,1,2.2,1.53
49,cardona irvin,A,18,25.0,Brest,5.06,8,2,535,2021,0,0.57,0.06
50,le douaron jeremy,A,10,11.0,Brest,5.0,8,2,151,2021,0,0.0,0.0
51,bouanga denis,MO,22,28.0,St Etienne,5.0,8,2,600,2021,0,1.72,0.68
52,touzghar yoann,A,17,24.0,Troyes,4.94,8,2,547,2021,0,2.17,0.24
53,volland kevin,A,25,57.0,Monaco,4.86,7,2,441,2021,1,0.88,0.62
54,moffi terem,A,25,39.0,Lorient,4.63,8,2,669,2021,2,2.36,0.47
55,martin jonas,MD,4,4.0,Rennes,6.5,2,1,150,2021,0,0.1,0.11
56,flips alexis,MO,7,8.0,Reims,6.33,3,1,83,2021,2,0.77,0.97
57,simon moses,MO,18,22.0,Nantes,6.13,8,1,641,2021,5,2.08,3.56
58,di maria angel,MO,30,47.0,Paris,5.9,5,1,285,2021,2,0.74,1.05
59,honorat franck,MO,19,24.0,Brest,5.75,8,1,676,2021,1,1.19,2.63
60,shaqiri xherdan,MO,17,26.0,Lyon,5.75,4,1,287,2021,1,0.43,1.16
61,neymar,A,31,76.0,Paris,5.75,4,1,336,2021,2,1.69,1.42
62,le fee enzo,MO,15,18.0,Lorient,5.71,7,1,353,2021,0,0.0,0.0
63,kakuta gael,MO,19,33.0,Lens,5.64,7,1,510,2021,0,0.83,0.86
64,dossou jodel,MO,15,16.0,Clermont,5.63,8,1,576,2021,0,2.26,0.81
65,clauss jonathan,MD,19,21.0,Lens,5.63,8,1,634,2021,3,0.15,1.99
66,kluivert justin,A,18,27.0,Nice,5.63,4,1,212,2021,1,0.81,0.42
67,munetsi marshall,MD,15,16.0,Reims,5.56,8,1,635,2021,0,0.92,0.02
68,kebbal ilan,MO,10,10.0,Reims,5.56,8,1,518,2021,3,0.51,1.24
69,toko ekambi karl,A,20,40.0,Lyon,5.5,8,1,590,2021,2,1.56,1.06
70,denayer jason,DC,14,18.0,Lyon,5.5,6,1,305,2021,0,0.44,0.0
71,emerson,DL,14,17.0,Lyon,5.5,5,1,374,2021,0,0.11,0.45
72,khephren thuram,MD,12,12.0,Nice,5.5,7,1,273,2021,1,0.09,1.27
73,prcic sanjin,MD,12,12.0,Strasbourg,5.5,6,1,406,2021,0,0.16,0.17
74,andre benjamin,MD,14,23.0,Lille,5.44,8,1,720,2021,0,0.55,0.51
75,thomas romain,DC,16,17.0,Angers,5.38,8,1,720,2021,0,0.44,0.07
76,harit amine,MO,12,16.0,Marseille,5.38,4,1,214,2021,1,0.3,0.32
77,ounahi azzedine,MD,11,11.0,Angers,5.36,7,1,258,2021,0,0.28,0.17
78,tait flavien,MO,14,21.0,Rennes,5.31,8,1,685,2021,1,0.8,0.87
79,guendouzi matteo,MD,20,25.0,Marseille,5.29,7,1,509,2021,1,0.37,0.71
80,gelson martins,A,16,23.0,Monaco,5.29,7,1,445,2021,0,0.0,0.0
81,chirivella pedro,MD,13,15.0,Nantes,5.29,7,1,613,2021,1,0.07,0.28
82,mama balde,MO,11,14.0,Troyes,5.29,7,1,385,2021,1,1.73,0.52
83,yazici yusuf,MO,15,21.0,Lille,5.25,8,1,335,2021,1,0.25,1.4
84,golovin aleksandr,MO,13,26.0,Monaco,5.25,6,1,312,2021,0,1.04,0.59
85,gerson,MO,20,27.0,Marseille,5.21,7,1,429,2021,0,0.42,0.08
86,mollet florent,MO,19,26.0,Montpellier,5.21,7,1,500,2021,1,0.81,0.5
87,le goff vincent,DL,8,11.0,Lorient,5.19,8,1,720,2021,0,0.27,0.25
88,udol matthieu,DL,12,13.0,Metz,5.19,8,1,720,2021,0,0.64,0.09
89,mounie steve,A,18,26.0,Brest,5.17,6,1,474,2021,0,0.0,0.0
90,castelletto jean charles,DC,15,17.0,Nantes,5.14,7,1,630,2021,0,0.5,0.02
91,stengs calvin,MO,11,19.0,Nice,5.1,5,1,353,2021,0,1.2,0.49
92,kalu samuel,MO,10,11.0,Bordeaux,5.08,6,1,208,2021,0,0.89,0.0
93,medina facundo,DL,10,10.0,Lens,5.07,7,1,630,2021,0,1.46,0.03
94,oudin remi,MO,13,15.0,Bordeaux,5.0,8,1,377,2021,1,0.35,0.5
95,said wesley,A,7,10.0,Lens,5.0,4,1,122,2021,0,2.11,0.63
96,ikone jonathan,MO,10,18.0,Lille,5.0,8,1,413,2021,0,0.75,0.97
97,andrei girotto,DC,13,15.0,Nantes,5.0,8,1,665,2021,0,0.42,0.27
98,cho mohamed ali,MO,16,16.0,Angers,4.94,8,1,595,2021,0,2.85,0.23
99,cozza nicolas,DC,14,14.0,Montpellier,4.94,8,1,639,2021,1,0.64,0.14
100,pembele timothee,DC,10,10.0,Bordeaux,4.93,7,1,468,2021,0,0.61,1.35
101,botman sven,DC,17,23.0,Lille,4.88,8,1,720,2021,0,1.17,0.02
102,el hajjam oualid,DL,9,9.0,Troyes,4.88,8,1,489,2021,0,0.04,0.68
103,kiki kouyate,DC,11,13.0,Metz,4.86,7,1,596,2021,0,0.17,0.0
104,slimani islam,A,13,21.0,Lyon,4.83,6,1,303,2021,1,0.72,0.76
105,chardonnet brendan,DC,11,14.0,Brest,4.79,7,1,630,2021,0,0.68,0.02
106,bahoken stephane,A,11,17.0,Angers,4.75,8,1,178,2021,0,0.89,0.02
107,maiga habib,MD,15,18.0,Metz,4.69,8,1,613,2021,0,0.0,0.0
108,mexer,DC,8,11.0,Bordeaux,4.64,7,1,505,2021,0,0.05,0.0
109,ricardo mangas,DL,8,9.0,Bordeaux,4.64,7,1,630,2021,1,0.39,0.09
110,kolodziejczak timothee,DC,11,11.0,St Etienne,4.64,7,1,607,2021,0,0.0,0.0
111,foket thomas,DL,12,15.0,Reims,4.63,8,1,655,2021,0,0.26,0.55
112,sow saidou,DL,10,10.0,St Etienne,4.58,6,1,406,2021,0,0.14,0.03
113,gameiro kevin,A,16,26.0,Strasbourg,4.56,8,1,514,2021,0,2.04,0.21
114,de preville nicolas,A,7,9.0,Metz,4.5,4,1,195,2021,0,0.26,0.0
115,niane ibrahima,A,14,20.0,Metz,4.5,8,1,632,2021,1,2.04,1.58
116,sissoko ibrahima,MD,12,15.0,Strasbourg,4.5,5,1,310,2021,0,0.16,0.07
117,rodrigues gerson,A,10,12.0,Troyes,4.5,4,1,266,2021,0,0.0,0.0
118,guirassy serhou,A,21,35.0,Rennes,4.44,8,1,339,2021,0,1.99,0.12
119,mara sekou,A,12,13.0,Bordeaux,4.38,8,1,264,2021,0,1.0,0.0
120,abergel laurent,MD,14,16.0,Lorient,6.31,8,0,720,2021,1,0.18,0.97
121,lemina mario,MD,15,17.0,Nice,6.17,6,0,433,2021,0,0.02,0.01
122,danilo pereira,MD,11,14.0,Paris,6.13,4,0,300,2021,0,0.13,0.03
123,renato sanches,MO,9,17.0,Lille,6.0,1,0,90,2021,0,0.03,0.05
124,nguette opa,A,3,4.0,Metz,6.0,1,0,21,2021,1,0.0,0.04
125,verratti marco,MD,20,31.0,Paris,6.0,2,0,147,2021,0,0.05,0.04
126,donnarumma gianluigi,G,10,22.0,Paris,6.0,2,0,180,2021,0,0.0,0.0
127,dante,DC,14,14.0,Nice,5.93,7,0,630,2021,0,0.09,0.0
128,benitez walter,G,20,25.0,Nice,5.86,7,0,630,2021,0,0.0,0.0
129,bard melvin,DL,13,13.0,Nice,5.86,7,0,551,2021,1,0.0,0.98
130,nardi paul,G,14,15.0,Lorient,5.81,8,0,720,2021,0,0.0,0.0
131,marquinhos,DC,24,36.0,Paris,5.8,5,0,450,2021,0,0.41,0.1
132,todibo jean clair,DC,16,20.0,Nice,5.79,7,0,515,2021,0,0.0,0.0
133,rosario pablo,MD,14,15.0,Nice,5.79,7,0,560,2021,0,0.4,0.24
134,morel jeremy,DC,10,12.0,Lorient,5.75,2,0,180,2021,0,0.0,0.0
135,aouar houssem,MO,22,33.0,Lyon,5.75,8,0,560,2021,0,0.0,0.0
136,bernardoni paul,G,17,17.0,Angers,5.69,8,0,720,2021,0,0.0,0.0
137,navas keylor,G,18,26.0,Paris,5.67,6,0,540,2021,0,0.0,0.0
138,lopez pau,G,7,12.0,Marseille,5.63,4,0,360,2021,0,0.0,0.0
139,tchouameni aurelien,MD,18,27.0,Monaco,5.63,8,0,621,2021,0,0.0,0.0
140,kouame rominigue,MD,10,10.0,Troyes,5.63,8,0,720,2021,1,0.16,0.66
141,grbic ivo,G,14,15.0,Lille,5.6,5,0,450,2021,0,0.0,0.0
142,berthomier jason,MO,11,11.0,Clermont,5.56,8,0,506,2021,2,0.63,1.72
143,anthony lopes,G,17,23.0,Lyon,5.56,8,0,720,2021,0,0.0,0.0
144,seidu alidu,DC,5,5.0,Clermont,5.5,2,0,19,2021,0,0.25,0.0
145,leca jean louis,G,16,19.0,Lens,5.5,8,0,720,2021,0,0.0,0.0
146,lemoine fabien,MD,13,15.0,Lorient,5.5,7,0,548,2021,0,0.0,0.43
147,rongier valentin,MD,11,14.0,Marseille,5.5,6,0,337,2021,1,1.13,0.58
148,caleta car duje,DC,8,14.0,Marseille,5.5,1,0,90,2021,0,0.02,0.0
149,schneiderlin morgan,MD,6,11.0,Nice,5.5,1,0,9,2021,0,0.0,0.0
150,daniliuc flavius,DC,7,9.0,Nice,5.5,5,0,220,2021,0,0.0,0.0
151,diallo abdou,DC,11,13.0,Paris,5.5,6,0,525,2021,0,0.0,0.0
152,paredes leandro,MD,12,18.0,Paris,5.5,2,0,105,2021,0,0.0,0.0
153,diousse assane,MD,6,7.0,St Etienne,5.5,1,0,9,2021,0,0.01,0.05
154,bajic stefan,G,7,7.0,St Etienne,5.5,2,0,144,2021,0,0.02,0.0
155,bourigeaud benjamin,MO,19,25.0,Rennes,5.44,8,0,683,2021,2,0.47,2.08
156,mendy batista,DC,10,10.0,Angers,5.43,7,0,594,2021,0,0.0,0.0
157,mendes houboulang,DL,7,7.0,Lorient,5.43,7,0,626,2021,0,0.68,0.0
158,youssouf zaydou,MD,13,15.0,St Etienne,5.42,6,0,292,2021,0,0.06,0.07
159,tardieu florian,MD,11,16.0,Troyes,5.42,6,0,540,2021,0,0.0,0.0
160,cabot jimmy,MO,11,11.0,Angers,5.38,8,0,720,2021,2,0.1,0.74
161,manceau vincent,DL,13,13.0,Angers,5.38,8,0,720,2021,0,0.0,0.4
162,ferri jordan,MD,14,16.0,Montpellier,5.38,8,0,700,2021,0,0.03,0.25
163,rafinha,MO,8,16.0,Paris,5.38,4,0,158,2021,0,0.05,0.06
164,matusiwa azor,MD,8,8.0,Reims,5.38,4,0,340,2021,0,0.03,0.02
165,sels matz,G,14,14.0,Strasbourg,5.38,8,0,720,2021,0,0.08,0.02
166,bellegarde jean ricner,MD,10,11.0,Strasbourg,5.36,7,0,623,2021,0,0.23,0.39
167,kamara boubacar,MD,16,22.0,Marseille,5.33,6,0,450,2021,0,0.06,0.24
168,saliba william,DC,12,17.0,Marseille,5.33,6,0,540,2021,0,0.59,0.47
169,da cunha lucas,MO,5,6.0,Nice,5.33,3,0,87,2021,0,0.0,0.0
170,konan ghislain,DL,14,18.0,Reims,5.33,6,0,540,2021,1,0.1,0.76
171,assignon lorenz,DL,1,1.0,Rennes,5.33,3,0,123,2021,0,0.0,0.0
172,adli yacine,MO,12,20.0,Bordeaux,5.31,8,0,406,2021,2,0.37,1.22
173,pallois nicolas,DC,14,16.0,Nantes,5.31,8,0,709,2021,0,0.44,0.0
174,kimpembe presnel,DC,13,20.0,Paris,5.31,8,0,635,2021,0,0.08,0.02
175,gallon gauthier,G,14,14.0,Troyes,5.31,8,0,720,2021,0,0.0,0.0
176,del castillo romain,A,11,14.0,Brest,5.3,5,0,160,2021,0,0.0,0.0
177,xeka,MD,11,15.0,Lille,5.3,5,0,438,2021,0,0.0,0.0
178,lirola pol,DL,15,19.0,Marseille,5.3,5,0,265,2021,1,0.47,0.51
179,bukari osman,A,8,9.0,Nantes,5.3,5,0,249,2021,0,0.71,0.74
180,gomis alfred,G,18,23.0,Rennes,5.29,7,0,630,2021,0,0.0,0.0
181,fulgini angelo,MO,17,23.0,Angers,5.25,8,0,636,2021,1,0.78,0.67
182,pereira lage mathias,MO,8,14.0,Angers,5.25,4,0,36,2021,0,0.0,0.0
183,diarra stephane,A,5,5.0,Lorient,5.25,4,0,47,2021,0,0.0,0.0
184,lafont alban,G,17,20.0,Nantes,5.25,8,0,720,2021,0,0.0,0.0
185,messi lionel,A,49,110.0,Paris,5.25,2,0,100,2021,0,0.32,0.02
186,guilbert frederic,DL,8,9.0,Strasbourg,5.25,4,0,262,2021,0,0.0,0.26
187,le marchand maxime,DC,8,8.0,Strasbourg,5.25,4,0,360,2021,0,0.04,0.05
188,aholou jean eudes,MD,11,16.0,Strasbourg,5.25,6,0,280,2021,0,0.04,0.12
189,gradit jonathan,DL,13,14.0,Lens,5.21,7,0,623,2021,0,0.01,0.58
190,diomande sinaly,DC,11,12.0,Lyon,5.21,7,0,472,2021,0,0.0,0.0
191,pajot vincent,MD,8,8.0,Metz,5.21,7,0,528,2021,0,0.1,0.04
192,danso kevin,DC,7,7.0,Lens,5.2,5,0,410,2021,0,0.65,0.0
193,kamara hassane,DL,14,19.0,Nice,5.2,5,0,187,2021,0,0.66,0.62
194,rajkovic predrag,G,15,22.0,Reims,5.19,8,0,720,2021,0,0.0,0.01
195,said rafiki,A,1,1.0,Brest,5.17,3,0,16,2021,0,0.18,0.0
196,doucoure cheick oumar,MD,14,17.0,Lens,5.17,6,0,507,2021,0,0.06,0.24
197,weah timothy,A,9,15.0,Lille,5.17,6,0,353,2021,1,0.21,0.94
198,lihadji isaac,A,6,6.0,Lille,5.17,3,0,41,2021,2,0.04,0.24
199,boateng jerome,DC,15,22.0,Lyon,5.17,3,0,166,2021,0,0.04,0.0
200,mandanda steve,G,17,22.0,Marseille,5.17,3,0,270,2021,0,0.0,0.0
201,gueye lamine,MO,10,11.0,Metz,5.17,6,0,364,2021,2,1.72,0.61
202,cyprien wylan,MO,8,15.0,Nantes,5.17,3,0,147,2021,0,0.02,0.13
203,kehrer thilo,DL,12,15.0,Paris,5.17,6,0,468,2021,0,0.02,0.0
204,dingome tristan,MO,7,8.0,Troyes,5.17,3,0,97,2021,0,0.0,0.0
205,chambost dylan,MO,10,10.0,Troyes,5.17,6,0,251,2021,1,0.19,0.12
206,bruno guimaraes,MD,14,22.0,Lyon,5.14,7,0,577,2021,2,0.21,1.39
207,gueye pape,MD,14,21.0,Marseille,5.14,7,0,355,2021,1,0.16,0.16
208,chotard joris,MD,10,11.0,Montpellier,5.14,7,0,518,2021,0,0.04,0.0
209,wijnaldum georginio,MO,20,37.0,Paris,5.14,7,0,412,2021,0,0.0,0.0
210,meling birger,DL,14,17.0,Rennes,5.14,7,0,620,2021,0,0.28,0.12
211,wooh christopher,DC,6,8.0,Lens,5.13,4,0,302,2021,0,0.04,0.13
212,laporte julien,DC,10,12.0,Lorient,5.13,8,0,720,2021,0,0.0,0.0
213,nyamsi gerzino,DC,7,8.0,Strasbourg,5.13,4,0,283,2021,1,0.0,0.14
214,domingues brandon,MD,7,7.0,Troyes,5.13,4,0,54,2021,0,0.0,0.0
215,boura ismael,DL,9,10.0,Lens,5.1,5,0,95,2021,0,0.01,0.0
216,amadou onana,MD,8,10.0,Lille,5.1,5,0,137,2021,0,0.34,0.15
217,bertaud dimitry,G,12,12.0,Montpellier,5.1,5,0,450,2021,0,0.0,0.0
218,appiah dennis,DL,10,10.0,Nantes,5.1,5,0,255,2021,0,0.0,0.0
219,salmier yoann,DC,9,9.0,Troyes,5.1,5,0,437,2021,0,0.0,0.0
220,doumbia souleyman,DL,11,11.0,Angers,5.08,6,0,467,2021,0,0.0,0.0
221,cahuzac yannick,MD,12,15.0,Lens,5.08,6,0,291,2021,0,0.0,0.0
222,balerdi leonardo,DC,12,16.0,Marseille,5.08,6,0,538,2021,0,0.0,0.04
223,fofana youssouf,MD,15,22.0,Monaco,5.08,6,0,416,2021,2,0.07,0.54
224,kabore issa,DL,7,7.0,Troyes,5.07,7,0,468,2021,1,0.03,0.32
225,sarr pape,MD,15,18.0,Metz,5.06,8,0,695,2021,1,0.0,0.69
226,aouchiche adil,MO,13,17.0,St Etienne,5.06,8,0,205,2021,1,0.25,0.51
227,el melali farid,MO,7,11.0,Angers,5.0,2,0,12,2021,0,0.03,0.0
228,sissokho issouf,MO,9,9.0,Bordeaux,5.0,4,0,310,2021,0,0.08,0.27
229,faussurier julien,DL,6,6.0,Brest,5.0,5,0,66,2021,0,0.0,0.17
230,iglesias jonathan,MO,8,10.0,Clermont,5.0,7,0,237,2021,0,0.0,0.14
231,haidara massadio,DL,8,15.0,Lens,5.0,2,0,21,2021,0,0.0,0.0
232,bamba jonathan,MO,19,31.0,Lille,5.0,3,0,255,2021,0,0.5,0.55
233,bradaric domagoj,DL,8,12.0,Lille,5.0,2,0,27,2021,0,0.0,0.34
234,niasse cheikh,MD,2,2.0,Lille,5.0,1,0,5,2021,0,0.0,0.0
235,jenz moritz,DC,7,7.0,Lorient,5.0,3,0,249,2021,0,0.02,0.0
236,le bris theo,DL,1,1.0,Lorient,5.0,1,0,1,2021,0,0.0,0.0
237,caqueret maxence,MD,14,16.0,Lyon,5.0,8,0,569,2021,0,0.32,0.23
238,de la fuente konrad,MO,11,16.0,Marseille,5.0,7,0,380,2021,0,0.0,0.0
239,luan peres,DC,10,13.0,Marseille,5.0,7,0,571,2021,0,0.0,0.0
240,boulaya farid,MO,18,24.0,Metz,5.0,2,0,42,2021,0,0.0,0.0
241,tchimbembe warren,A,4,4.0,Metz,5.0,3,0,47,2021,0,0.0,0.0
242,fabregas cesc,MO,8,9.0,Monaco,5.0,2,0,36,2021,0,0.0,0.08
243,maripan guillermo,DC,15,23.0,Monaco,5.0,3,0,237,2021,0,0.0,0.0
244,souquet arnaud,DL,9,11.0,Montpellier,5.0,7,0,274,2021,0,0.0,0.0
245,sakho mamadou,DC,11,12.0,Montpellier,5.0,4,0,353,2021,0,0.0,0.0
246,atal youcef,DL,10,14.0,Nice,5.0,5,0,359,2021,0,0.03,0.18
247,lotomba jordan,DL,9,10.0,Nice,5.0,6,0,178,2021,0,0.1,0.0
248,ebimbe eric,MD,3,3.0,Paris,5.0,3,0,92,2021,0,0.0,0.0
249,nuno mendes,DL,15,23.0,Paris,5.0,3,0,175,2021,0,0.02,0.0
250,lopy dion,MD,7,8.0,Reims,5.0,2,0,78,2021,0,0.04,0.0
251,diouf andy,MO,3,3.0,Rennes,5.0,1,0,4,2021,0,0.0,0.0
252,djile nokoue bryan,DL,6,6.0,St Etienne,5.0,2,0,56,2021,0,0.0,0.0
253,siby mahame,MD,7,,Strasbourg,5.0,2,0,15,2021,0,0.0,0.0
254,kone youssouf,DL,4,4.0,Troyes,5.0,3,0,192,2021,0,0.09,0.08
255,roberts patrick,MO,6,7.0,Troyes,5.0,1,0,13,2021,0,0.0,0.0
256,sandler philippe,DC,6,6.0,Troyes,5.0,2,0,70,2021,0,0.0,0.0
257,machado deiver,DL,9,9.0,Lens,4.94,8,0,288,2021,0,0.02,0.19
258,caio henrique,DL,17,23.0,Monaco,4.94,8,0,642,2021,3,0.01,2.11
259,caci anthony,DL,10,12.0,Strasbourg,4.94,8,0,523,2021,1,0.15,0.96
260,lienard dimitri,MO,14,21.0,Strasbourg,4.93,7,0,575,2021,0,0.0,0.0
261,angel gomes,MO,7,8.0,Lille,4.92,6,0,300,2021,0,0.13,0.43
262,berisha valon,MO,9,9.0,Reims,4.92,6,0,145,2021,0,0.16,0.32
263,tell jordan,A,9,10.0,Clermont,4.9,5,0,46,2021,0,0.0,0.0
264,thiago mendes,MD,11,16.0,Lyon,4.9,5,0,218,2021,0,0.0,0.0
265,pavlovic strahinja,DC,7,7.0,Monaco,4.9,5,0,282,2021,0,0.0,0.0
266,costil benoit,G,11,13.0,Bordeaux,4.88,8,0,720,2021,0,0.0,0.0
267,otavio,MD,10,10.0,Bordeaux,4.88,8,0,634,2021,0,0.17,0.08
268,dilrosun javairo,MO,10,12.0,Bordeaux,4.88,4,0,221,2021,0,0.14,0.25
269,magnetti hugo,MD,10,12.0,Brest,4.88,4,0,268,2021,0,0.07,0.02
270,agoume lucien,MD,7,8.0,Brest,4.88,4,0,316,2021,0,0.05,0.06
271,allevinah jim,A,11,12.0,Clermont,4.88,8,0,429,2021,0,0.78,0.18
272,tiago djalo,DC,8,9.0,Lille,4.88,4,0,298,2021,0,0.08,0.0
273,gudmundsson gabriel,DL,8,9.0,Lille,4.88,4,0,146,2021,0,0.0,0.0
274,oukidja alexandre,G,15,19.0,Metz,4.88,8,0,720,2021,0,0.0,0.0
275,traore charles,DL,9,9.0,Nantes,4.88,8,0,380,2021,0,0.0,0.0
276,abdelhamid yunis,DC,15,20.0,Reims,4.88,8,0,720,2021,0,0.0,0.0
277,faes wout,DC,11,13.0,Reims,4.88,8,0,720,2021,0,0.0,0.08
278,aguerd nayef,DC,15,19.0,Rennes,4.88,8,0,720,2021,0,0.0,0.0
279,camara mahdi,MD,12,16.0,St Etienne,4.88,8,0,670,2021,0,0.0,0.0
280,ristic mihailo,MO,10,11.0,Montpellier,4.86,7,0,236,2021,0,0.11,0.15
281,neyou yvan,MD,12,15.0,St Etienne,4.86,7,0,586,2021,0,0.1,0.1
282,azamoum karim,MD,8,8.0,Troyes,4.86,7,0,387,2021,0,0.17,0.0
283,capelle pierrick,MO,10,13.0,Angers,4.83,6,0,237,2021,0,0.11,0.2
284,medioub abdel jalil zaim idriss,DC,4,5.0,Bordeaux,4.83,3,0,48,2021,0,0.0,0.0
285,dubois leo,DL,15,20.0,Lyon,4.83,6,0,478,2021,0,0.04,0.52
286,niakate sikou,DC,7,,Metz,4.83,3,0,203,2021,0,0.12,0.04
287,jean lucas,MD,12,15.0,Monaco,4.83,6,0,325,2021,0,0.22,0.18
288,matazo eliot,MD,9,12.0,Monaco,4.83,3,0,100,2021,0,0.0,0.03
289,leroy leo,MO,7,10.0,Montpellier,4.83,6,0,111,2021,0,0.03,0.01
290,omlin jonas,G,5,16.0,Montpellier,4.83,3,0,270,2021,0,0.0,0.0
291,koffi n'dri,A,5,5.0,Reims,4.83,3,0,122,2021,0,0.0,0.0
292,doku jeremy,MO,16,29.0,Rennes,4.83,3,0,151,2021,0,0.76,0.02
293,boudebouz ryad,MO,5,7.0,St Etienne,4.83,3,0,57,2021,0,0.06,0.05
294,jose fonte,DC,19,27.0,Lille,4.81,8,0,720,2021,1,0.18,0.14
295,nordin arnaud,MO,12,14.0,St Etienne,4.81,8,0,312,2021,1,0.12,0.76
296,zerkane mehdi,MO,9,15.0,Bordeaux,4.8,5,0,57,2021,0,0.02,0.05
297,david costa,MD,8,8.0,Lens,4.8,5,0,96,2021,0,0.0,0.0
298,cherki rayan,MO,9,17.0,Lyon,4.8,5,0,101,2021,0,0.0,0.0
299,kwateng enock,DL,9,10.0,Bordeaux,4.79,7,0,630,2021,0,0.16,0.31
300,gastien johan,MD,12,12.0,Clermont,4.79,7,0,586,2021,1,0.07,0.51
301,traore boubacar,MD,8,8.0,Metz,4.79,7,0,225,2021,0,0.08,0.06
302,taibi waniss,MO,4,5.0,Angers,4.75,2,0,84,2021,0,0.07,0.0
303,m'bock hianga'a,MD,9,9.0,Brest,4.75,8,0,648,2021,0,0.23,0.01
304,khaoui saif eddine,MO,7,7.0,Clermont,4.75,4,0,145,2021,0,0.0,0.0
305,zedadka akim,DL,10,10.0,Clermont,4.75,8,0,720,2021,0,0.24,0.28
306,boisgard quentin,MO,7,8.0,Lorient,4.75,2,0,38,2021,0,0.0,0.0
307,igor silva,DC,9,10.0,Lorient,4.75,8,0,601,2021,0,0.15,0.13
308,petrot leo,MD,2,2.0,Lorient,4.75,2,0,180,2021,0,0.0,0.0
309,kadewere tinotenda,A,14,32.0,Lyon,4.75,2,0,24,2021,0,0.0,0.0
310,keita habib,MD,3,9.0,Lyon,4.75,2,0,5,2021,0,0.03,0.0
311,lukeba castello,DC,7,7.0,Lyon,4.75,2,0,135,2021,0,0.0,0.0
312,gonzalez alvaro,DC,14,18.0,Marseille,4.75,2,0,91,2021,0,0.05,0.0
313,n'doram kevin,MD,9,11.0,Metz,4.75,2,0,120,2021,0,0.0,0.02
314,delaine thomas,DL,12,13.0,Metz,4.75,4,0,248,2021,0,0.0,0.0
315,sidibe djibril,DL,15,17.0,Monaco,4.75,6,0,330,2021,0,0.12,0.69
316,gioacchini nicholas,A,10,12.0,Montpellier,4.75,4,0,48,2021,1,0.09,0.05
317,corchia sebastien,DL,10,12.0,Nantes,4.75,8,0,460,2021,0,0.0,0.0
318,pereira de sa roli,MO,9,9.0,Nantes,4.75,4,0,143,2021,0,0.0,0.0
319,brahimi billal,A,2,2.0,Reims,4.75,2,0,26,2021,0,0.06,0.1
320,saban mathys,MD,5,5.0,St Etienne,4.75,2,0,49,2021,0,0.0,0.0
321,giraudon jimmy,DC,12,13.0,Troyes,4.75,8,0,719,2021,0,0.0,0.0
322,ripart renaud,A,16,26.0,Troyes,4.75,6,0,460,2021,0,0.0,0.0
323,disasi axel,DC,15,20.0,Monaco,4.71,7,0,547,2021,0,0.32,0.12
324,moutoussamy samuel,MD,8,8.0,Nantes,4.71,7,0,183,2021,0,0.7,0.0
325,traore hamari,DL,14,18.0,Rennes,4.71,7,0,618,2021,0,0.18,0.06
326,bade loic,DC,12,15.0,Rennes,4.7,5,0,401,2021,0,0.0,0.05
327,nubel alexander,G,10,11.0,Monaco,4.69,8,0,720,2021,0,0.0,0.0
328,ebosse enzo,DL,3,4.0,Angers,4.67,3,0,116,2021,0,0.0,0.0
329,belkebla haris,MD,10,11.0,Brest,4.67,6,0,339,2021,0,0.0,0.0
330,da silva damien,DC,11,19.0,Lyon,4.67,3,0,178,2021,0,0.0,0.0
331,aguilar ruben,DL,13,15.0,Monaco,4.67,6,0,355,2021,0,0.0,0.06
332,emond renaud,A,7,8.0,Nantes,4.67,3,0,153,2021,0,0.0,0.0
333,toure el bilal,A,9,11.0,Reims,4.67,3,0,206,2021,0,0.74,0.28
334,majeed waris,A,7,7.0,Strasbourg,4.67,6,0,153,2021,0,0.43,0.05
335,coco marcus,MO,10,11.0,Nantes,4.64,7,0,219,2021,0,0.24,0.11
336,biancone giulian,DL,7,7.0,Troyes,4.64,7,0,539,2021,1,0.24,0.46
337,bizot marco,G,9,9.0,Brest,4.63,8,0,720,2021,0,0.0,0.0
338,n'simba vital,DL,10,10.0,Clermont,4.63,8,0,516,2021,1,0.11,0.73
339,wahi elye,A,10,12.0,Montpellier,4.63,8,0,227,2021,0,0.76,0.15
340,merlin quentin,MD,6,6.0,Nantes,4.63,4,0,19,2021,0,0.0,0.07
341,gravillon andreaw,DC,10,12.0,Reims,4.63,8,0,709,2021,0,0.19,0.12
342,diatta krepin,MO,7,8.0,Monaco,4.6,5,0,190,2021,0,0.0,0.0
343,omari warmed,DC,6,6.0,Rennes,4.58,6,0,318,2021,0,0.12,0.1
344,abdul samed salis,MD,7,7.0,Clermont,4.57,7,0,546,2021,0,0.0,0.0
345,ogier florent,DC,11,12.0,Clermont,4.57,7,0,613,2021,0,0.64,0.3
346,grbic adrian,A,9,11.0,Lorient,4.57,7,0,142,2021,0,0.19,0.45
347,green etienne,G,16,17.0,St Etienne,4.57,7,0,573,2021,0,0.0,0.01
348,duverne jean kevin,DC,9,12.0,Brest,4.56,8,0,429,2021,0,0.02,0.03
349,thioub sada,A,7,11.0,Angers,4.5,1,0,2,2021,0,0.0,0.0
350,bobichon antonin,MO,7,10.0,Angers,4.5,1,0,12,2021,0,0.0,0.0
351,briand jimmy,A,8,10.0,Bordeaux,4.5,4,0,93,2021,0,0.18,0.03
352,koscielny laurent,DC,10,10.0,Bordeaux,4.5,5,0,440,2021,0,0.0,0.0
353,uronen jere,DL,10,10.0,Brest,4.5,5,0,372,2021,0,0.02,0.0
354,mendy arial,DL,6,6.0,Clermont,4.5,4,0,204,2021,0,0.07,0.76
355,arnaud kalimuendo arnaud,A,14,17.0,Lens,4.5,6,0,224,2021,0,0.0,0.0
356,hergault jerome,DL,8,15.0,Lorient,4.5,3,0,120,2021,0,0.0,0.0
357,ouattara dango,A,3,3.0,Lorient,4.5,2,0,6,2021,0,0.0,0.0
358,bourles redwan,MO,2,2.0,Lorient,4.5,2,0,8,2021,0,0.0,0.0
359,marcelo,DC,3,23.0,Lyon,4.5,2,0,180,2021,0,0.07,0.03
360,gusto malo,DL,6,6.0,Lyon,4.5,5,0,332,2021,0,0.09,0.84
361,henrique,DL,8,10.0,Lyon,4.5,2,0,92,2021,0,0.0,0.03
362,amavi jordan,DL,7,10.0,Marseille,4.5,1,0,59,2021,0,0.0,0.0
363,sabaly cheick tidiane,A,9,9.0,Metz,4.5,4,0,125,2021,0,0.0,0.0
364,bassi amine,MO,7,9.0,Metz,4.5,1,0,61,2021,0,0.78,0.0
365,badiashile benoit,DC,16,20.0,Monaco,4.5,6,0,439,2021,0,0.0,0.0
366,matsima chrislain,DC,5,6.0,Monaco,4.5,2,0,59,2021,0,0.08,0.0
367,thuler,DC,8,9.0,Montpellier,4.5,7,0,542,2021,0,0.03,0.0
368,fabio,DL,9,9.0,Nantes,4.5,5,0,374,2021,0,0.14,0.04
369,geubbels willem,A,8,9.0,Nantes,4.5,2,0,58,2021,0,0.09,0.0
370,bitumazala nathan,MD,1,1.0,Paris,4.5,1,0,10,2021,0,0.0,0.0
371,santamaria baptiste,MD,19,23.0,Rennes,4.5,6,0,377,2021,0,0.0,0.0
372,ugochukwu lesley,MD,6,6.0,Rennes,4.5,6,0,328,2021,0,0.0,0.0
373,tchaouna loum,A,1,1.0,Rennes,4.5,1,0,7,2021,0,0.0,0.0
374,nade mickael,DC,5,5.0,St Etienne,4.5,5,0,395,2021,0,0.53,0.08
375,rivera maxence,A,4,4.0,St Etienne,4.5,1,0,4,2021,0,0.0,0.0
376,krasso jean phillipe,A,8,9.0,St Etienne,4.5,6,0,179,2021,0,0.0,0.0
377,fila karol,DL,9,10.0,Strasbourg,4.5,5,0,287,2021,0,0.0,0.71
378,chadli nassim,A,4,4.0,Troyes,4.5,2,0,4,2021,0,0.05,0.0
379,zoukrou tanguy,DC,5,5.0,Troyes,4.5,3,0,71,2021,0,0.06,0.0
380,sambia junior,MD,10,13.0,Montpellier,4.43,7,0,440,2021,0,0.09,0.3
381,mbuku nathanael,A,15,23.0,Reims,4.43,7,0,310,2021,0,0.17,0.17
382,zeki celik mehmet,DL,13,20.0,Lille,4.42,6,0,423,2021,0,0.11,0.09
383,yade papa ndiaga,MO,8,11.0,Metz,4.4,5,0,210,2021,0,0.09,0.07
384,macon yvann,DL,8,8.0,St Etienne,4.4,5,0,405,2021,0,0.02,0.44
385,perrin lucas,DC,9,9.0,Strasbourg,4.4,5,0,348,2021,0,0.0,0.0
386,gregersen stian rode,DC,8,9.0,Bordeaux,4.38,4,0,278,2021,0,0.0,0.0
387,brassier lilian,DC,9,10.0,Brest,4.38,8,0,720,2021,0,0.02,0.15
388,coulibaly kalifa,A,8,14.0,Nantes,4.38,4,0,90,2021,0,0.0,0.0
389,lumeka levi,MO,8,8.0,Troyes,4.38,4,0,57,2021,0,0.0,0.0
390,reinildo,DL,12,19.0,Lille,4.36,7,0,605,2021,0,0.0,0.02
391,esteve maxime,DL,7,7.0,Montpellier,4.36,7,0,425,2021,0,0.0,0.02
392,casimir ninga,A,8,8.0,Angers,4.33,3,0,22,2021,0,0.0,0.0
393,jean corentin,A,7,11.0,Lens,4.33,3,0,18,2021,0,0.09,0.0
394,makouana beni,A,3,3.0,Montpellier,4.33,3,0,23,2021,0,0.04,0.0
395,cafaro mathieu,MO,11,16.0,Reims,4.33,3,0,160,2021,0,0.0,0.0
396,truffert adrien,DL,7,13.0,Rennes,4.33,3,0,79,2021,0,0.0,0.0
397,trauco miguel,DL,6,11.0,St Etienne,4.33,3,0,204,2021,0,0.0,0.0
398,pierre gabriel ronael,DL,9,11.0,Brest,4.31,8,0,688,2021,0,0.0,0.0
399,hountondji cedric,DC,10,10.0,Clermont,4.31,8,0,720,2021,0,0.0,0.0
400,moukoudi harold,DC,11,14.0,St Etienne,4.31,8,0,720,2021,0,0.7,0.04
401,bronn dylan,DC,11,13.0,Metz,4.29,7,0,629,2021,0,0.1,0.0
402,abline matthis,A,7,7.0,Rennes,4.29,7,0,97,2021,0,0.0,0.0
403,badji youssouph,A,1,1.0,Brest,4.25,4,0,105,2021,0,0.0,0.0
404,busquets oriol,MD,7,8.0,Clermont,4.25,2,0,62,2021,0,0.0,0.0
405,desmas arthur,G,14,15.0,Clermont,4.25,8,0,720,2021,0,0.0,0.0
406,alakouch sofiane,DL,5,9.0,Metz,4.25,2,0,105,2021,0,0.0,0.0
407,isidor wilson,A,4,4.0,Monaco,4.25,2,0,41,2021,0,0.0,0.0
408,guessand evann,A,6,6.0,Nice,4.25,2,0,57,2021,0,0.05,0.0
409,donis anastasios,A,1,2.0,Reims,4.25,2,0,28,2021,0,0.58,0.0
410,locko bradley,DL,4,4.0,Reims,4.25,2,0,99,2021,0,0.0,0.0
411,van bergen mitchell,A,7,8.0,Reims,4.25,4,0,265,2021,0,0.0,0.0
412,tel mathys,A,4,4.0,Rennes,4.25,2,0,28,2021,0,0.0,0.09
413,gourna douath lucas,MD,9,10.0,St Etienne,4.25,4,0,177,2021,0,0.0,0.0
414,mensah gideon,DL,9,9.0,Bordeaux,4.17,3,0,225,2021,0,0.05,0.53
415,luis henrique,A,7,15.0,Marseille,4.17,6,0,134,2021,0,0.0,0.0
416,ramirez ignacio,A,8,12.0,St Etienne,4.17,3,0,107,2021,0,0.04,0.0
417,hamel pierre yves,A,7,8.0,Clermont,4.14,7,0,197,2021,0,0.0,0.0
418,boadu myron,A,9,18.0,Monaco,4.14,7,0,263,2021,0,0.0,0.0
419,djiku alexander,DC,9,10.0,Strasbourg,4.14,7,0,589,2021,0,0.0,0.0
420,fransergio,MO,8,9.0,Bordeaux,4.1,5,0,288,2021,0,0.0,0.04
421,traore amadou,A,5,9.0,Bordeaux,4.0,1,0,18,2021,0,0.0,0.0
422,jakobs ismail,DL,7,9.0,Monaco,4.0,3,0,78,2021,0,0.0,0.01
423,guermouche yanis,A,1,1.0,Montpellier,4.0,1,0,1,2021,0,0.0,0.0
424,salin romain,G,6,7.0,Rennes,4.0,1,0,90,2021,0,0.0,0.0
425,hamouma romain,MO,12,17.0,St Etienne,3.94,8,0,405,2021,0,1.26,0.35
426,billong jean claude,DC,5,,Clermont,3.75,2,0,107,2021,0,0.0,0.0
427,leo jardim,G,7,11.0,Lille,3.75,2,0,180,2021,0,0.0,0.0
428,fontaine thomas,DC,4,4.0,Lorient,3.75,2,0,168,2021,0,0.0,0.0
429,joseph lenny,A,5,7.0,Metz,3.75,2,0,40,2021,0,0.0,0.0
430,bamba abdoulaye,DL,7,8.0,Angers,0.0,0,0,0,2021,0,0.0,0.0
431,mandrea anthony,G,7,7.0,Angers,0.0,0,0,0,2021,0,0.0,0.0
432,petkovic danijel,G,4,4.0,Angers,0.0,0,0,0,2021,0,0.0,0.0
433,ould khaled zinedine,MD,5,8.0,Angers,0.0,0,0,0,2021,0,0.0,0.0
434,boma kevin,DC,1,1.0,Angers,0.0,0,0,0,2021,0,0.0,0.0
435,fatar noah,MO,5,,Angers,0.0,0,0,0,2021,0,0.0,0.0
436,drame ismael,DC,1,1.0,Angers,0.0,0,0,0,2021,0,0.0,0.0
437,lgharbi walim,MO,2,,Angers,0.0,0,0,0,2021,0,0.0,0.0
438,baysse paul,DC,7,10.0,Bordeaux,0.0,0,0,0,2021,0,0.0,0.0
439,maja josh,A,6,9.0,Bordeaux,0.0,0,0,0,2021,0,0.0,0.0
440,poussin gaetan,G,7,7.0,Bordeaux,0.0,0,0,0,2021,0,0.0,0.0
441,lauray alexandre,DC,2,2.0,Bordeaux,0.0,0,0,0,2021,0,0.0,0.0
442,rouyard davy,G,1,1.0,Bordeaux,0.0,0,0,0,2021,0,0.0,0.0
443,bakwa dilane,A,4,5.0,Bordeaux,0.0,0,0,0,2021,0,0.0,0.0
444,lima semedo darren,G,1,1.0,Bordeaux,0.0,0,0,0,2021,0,0.0,0.0
445,lacoux tom,MD,10,12.0,Bordeaux,0.0,0,0,0,2021,0,0.0,0.0
446,bokele mputu malcom,DC,1,1.0,Bordeaux,0.0,0,0,0,2021,0,0.0,0.0
447,malbec tidiane,G,1,1.0,Bordeaux,0.0,0,0,0,2021,0,0.0,0.0
448,elis alberth,MO,10,11.0,Bordeaux,0.0,0,0,0,2021,0,0.0,0.0
449,lasne paul,MD,6,7.0,Brest,0.0,0,0,0,2021,0,0.0,0.0
450,herelle christophe,DC,5,6.0,Brest,0.0,0,0,0,2021,0,0.0,0.0
451,cibois sebastien,G,3,3.0,Brest,0.0,0,0,0,2021,0,0.0,0.0
452,larsonneur gautier,G,7,15.0,Brest,0.0,0,0,0,2021,0,0.0,0.0
453,bain denys,DC,1,1.0,Brest,0.0,0,0,0,2021,0,0.0,0.0
454,coudert gregoire,G,1,6.0,Brest,0.0,0,0,0,2021,0,0.0,0.0
455,benvindo killian,MO,1,1.0,Brest,0.0,0,0,0,2021,0,0.0,0.0
456,sow noah,MD,1,,Brest,0.0,0,0,0,2021,0,0.0,0.0
457,camblan axel,MO,1,,Brest,0.0,0,0,0,2021,0,0.0,0.0
458,teixeira bryan silva,A,3,4.0,Clermont,0.0,0,0,0,2021,0,0.0,0.0
459,djoco ouparine,G,7,7.0,Clermont,0.0,0,0,0,2021,0,0.0,0.0
460,magnin yohann,MD,6,7.0,Clermont,0.0,0,0,0,2021,0,0.16,0.14
461,albert josue,DC,5,6.0,Clermont,0.0,0,0,0,2021,0,0.0,0.0
462,phojo jerome,DL,1,1.0,Clermont,0.0,0,0,0,2021,0,0.0,0.0
463,jaby nael,MO,2,3.0,Clermont,0.0,0,0,0,2021,0,0.0,0.0
464,baiye brandon,MD,2,,Clermont,0.0,0,0,0,2021,0,0.0,0.0
465,margueron lucas,G,3,7.0,Clermont,0.0,0,0,0,2021,0,0.0,0.0
466,boyer julien,DL,6,7.0,Clermont,0.0,0,0,0,2021,0,0.0,0.0
467,gnalega fred,MD,2,3.0,Clermont,0.0,0,0,0,2021,0,0.0,0.0
468,keita abdoulaye jules,A,6,9.0,Lens,0.0,0,0,0,2021,0,0.0,0.0
469,boli charles,MO,5,7.0,Lens,0.0,0,0,0,2021,0,0.0,0.0
470,farinez wuilker,G,7,7.0,Lens,0.0,0,0,0,2021,0,0.0,0.0
471,pandor yannick,G,1,1.0,Lens,0.0,0,0,0,2021,0,0.0,0.0
472,varane jonathan,MO,1,1.0,Lens,0.0,0,0,0,2021,0,0.0,0.0
473,cisse mohamed,A,1,1.0,Lens,0.0,0,0,0,2021,0,0.0,0.0
474,balde ibrahima,A,1,1.0,Lens,0.0,0,0,0,2021,0,0.0,0.0
475,valentino lesieur,G,1,1.0,Lens,0.0,0,0,0,2021,0,0.0,0.0
476,camara mamadou,MD,3,,Lens,0.0,0,0,0,2021,0,0.0,0.0
477,pied jeremy,DL,2,7.0,Lille,0.0,0,0,0,2021,0,0.0,0.0
478,jakubech adam,G,3,3.0,Lille,0.0,0,0,0,2021,0,0.0,0.0
479,dabila kouadio,DC,3,3.0,Lille,0.0,0,0,0,2021,0,0.0,0.0
480,karnezis orestis,G,1,7.0,Lille,0.0,0,0,0,2021,0,0.0,0.0
481,agouzoul saad,DC,3,3.0,Lille,0.0,0,0,0,2021,0,0.0,0.0
482,pizzuto eugenio,MD,4,4.0,Lille,0.0,0,0,0,2021,0,0.0,0.0
483,bouleghcha ismail,DC,3,3.0,Lille,0.0,0,0,0,2021,0,0.0,0.0
484,ascone rocco,MD,1,1.0,Lille,0.0,0,0,0,2021,0,0.0,0.0
485,kapi mustafa,MD,1,1.0,Lille,0.0,0,0,0,2021,0,0.0,0.0
486,raux jules,G,1,1.0,Lille,0.0,0,0,0,2021,0,0.0,0.0
487,dreyer matthieu,G,7,7.0,Lorient,0.0,0,0,0,2021,0,0.0,0.0
488,callens thomas,G,1,1.0,Lorient,0.0,0,0,0,2021,0,0.0,0.0
489,loric samuel,DL,1,1.0,Lorient,0.0,0,0,0,2021,0,0.0,0.0
490,bartouche teddy,G,3,3.0,Lorient,0.0,0,0,0,2021,0,0.0,0.0
491,mouyokolo loris,DC,1,1.0,Lorient,0.0,0,0,0,2021,0,0.0,0.0
492,doumbouya malamine,MD,1,,Lorient,0.0,0,0,0,2021,0,0.0,0.0
493,meite bamo,MD,3,,Lorient,0.0,0,0,0,2021,0,0.0,0.0
494,reine adelaide jeff,MO,2,5.0,Lyon,0.0,0,0,0,2021,0,0.0,0.0
495,pape cheikh diop gueye,MD,5,6.0,Lyon,0.0,0,0,0,2021,0,0.0,0.0
496,augarreau cedric,MD,1,1.0,Lyon,0.0,0,0,0,2021,0,0.0,0.0
497,pollersbeck julian,G,7,7.0,Lyon,0.0,0,0,0,2021,0,0.0,0.0
498,barcola malcolm,G,4,4.0,Lyon,0.0,0,0,0,2021,0,0.0,0.0
499,da silva florent,MD,1,1.0,Lyon,0.0,0,0,0,2021,0,0.0,0.0
500,lega sekou,A,1,1.0,Lyon,0.0,0,0,0,2021,0,0.0,0.0
501,nsombi gael,A,1,1.0,Lyon,0.0,0,0,0,2021,0,0.0,0.0
502,milik arkadiusz,A,19,45.0,Marseille,0.0,0,0,0,2021,0,0.0,0.0
503,ngapandouetnbu simon,G,1,4.0,Marseille,0.0,0,0,0,2021,0,0.0,0.0
504,kamardin aaron,DC,1,1.0,Marseille,0.0,0,0,0,2021,0,0.0,0.0
505,bertelli ugo,MD,1,1.0,Marseille,0.0,0,0,0,2021,0,0.0,0.0
506,ahmed nassim,MD,1,3.0,Marseille,0.0,0,0,0,2021,0,0.0,0.0
507,souare cheick,MD,1,1.0,Marseille,0.0,0,0,0,2021,0,0.0,0.0
508,rahou jores,MO,1,1.0,Marseille,0.0,0,0,0,2021,0,0.0,0.0
509,ben seghir salim,A,1,2.0,Marseille,0.0,0,0,0,2021,0,0.0,0.0
510,tongya franco,MD,1,1.0,Marseille,0.0,0,0,0,2021,0,0.0,0.0
511,targhalline oussama,MD,1,1.0,Marseille,0.0,0,0,0,2021,0,0.0,0.0
512,sciortino paolo,MD,1,,Marseille,0.0,0,0,0,2021,0,0.0,0.0
513,caprice amay,DL,1,1.0,Marseille,0.0,0,0,0,2021,0,0.0,0.0
514,nadir bilal,MD,1,1.0,Marseille,0.0,0,0,0,2021,0,0.0,0.0
515,gebreyesus esey,A,1,1.0,Marseille,0.0,0,0,0,2021,0,0.0,0.0
516,benyahia tani aylan,A,1,,Marseille,0.0,0,0,0,2021,0,0.0,0.0
517,kada joakim,DC,1,1.0,Marseille,0.0,0,0,0,2021,0,0.0,0.0
518,nazaretian manuel,G,1,1.0,Marseille,0.0,0,0,0,2021,0,0.0,0.0
519,caillard marc aurele,G,7,7.0,Metz,0.0,0,0,0,2021,0,0.0,0.0
520,cabit manuel,DL,1,1.0,Metz,0.0,0,0,0,2021,0,0.0,0.0
521,lacroix lenny,DC,1,1.0,Metz,0.0,0,0,0,2021,0,0.0,0.0
522,mikelbrencis william,DC,1,1.0,Metz,0.0,0,0,0,2021,0,0.0,0.0
523,ba ousmane,G,3,3.0,Metz,0.0,0,0,0,2021,0,0.0,0.0
524,mbengue amadou salif,MD,1,,Metz,0.0,0,0,0,2021,0,0.0,0.0
525,oberhauser david,G,7,7.0,Metz,0.0,0,0,0,2021,0,0.0,0.0
526,mannone vito,G,3,7.0,Monaco,0.0,0,0,0,2021,0,0.0,0.0
527,marcelin jean,DC,6,9.0,Monaco,0.0,0,0,0,2021,0,0.0,0.0
528,majecki radoslaw,G,7,7.0,Monaco,0.0,0,0,0,2021,0,0.0,0.0
529,decarpentrie valentin,MO,1,1.0,Monaco,0.0,0,0,0,2021,0,0.0,0.0
530,bongiovanni adrien,MO,2,2.0,Monaco,0.0,0,0,0,2021,0,0.0,0.0
531,lemarechal felix,MO,3,3.0,Monaco,0.0,0,0,0,2021,0,0.0,0.0
532,lienard yann,G,1,1.0,Monaco,0.0,0,0,0,2021,0,0.0,0.0
533,pedro mendes,DC,3,4.0,Montpellier,0.0,0,0,0,2021,0,0.0,0.0
534,oyongo ambroise,DL,1,1.0,Montpellier,0.0,0,0,0,2021,0,0.0,0.0
535,matis carvalho matis,G,7,7.0,Montpellier,0.0,0,0,0,2021,0,0.0,0.0
536,suarez mathias,DL,1,1.0,Montpellier,0.0,0,0,0,2021,0,0.0,0.0
537,tamas thibault,DL,1,1.0,Montpellier,0.0,0,0,0,2021,0,0.0,0.0
538,mendy oucasse,A,1,1.0,Montpellier,0.0,0,0,0,2021,0,0.0,0.0
539,delaye sacha,A,1,4.0,Montpellier,0.0,0,0,0,2021,0,0.0,0.0
540,petric denis,G,7,7.0,Nantes,0.0,0,0,0,2021,0,0.0,0.0
541,augustin jean kevin,A,1,1.0,Nantes,0.0,0,0,0,2021,0,0.0,0.0
542,descamps remy,G,7,7.0,Nantes,0.0,0,0,0,2021,0,0.0,0.0
543,wague molla,DC,3,3.0,Nantes,0.0,0,0,0,2021,0,0.0,0.0
544,limbombe anthony,MO,3,3.0,Nantes,0.0,0,0,0,2021,0,0.0,0.0
545,moustache wesley,DL,1,1.0,Nantes,0.0,0,0,0,2021,0,0.0,0.0
546,jan charly,G,1,1.0,Nantes,0.0,0,0,0,2021,0,0.0,0.0
547,sylla abdoulaye,DC,3,3.0,Nantes,0.0,0,0,0,2021,0,0.0,0.0
548,manvelyan gor,MO,4,4.0,Nantes,0.0,0,0,0,2021,0,0.0,0.0
549,eneme bocari santiago,MO,1,1.0,Nantes,0.0,0,0,0,2021,0,0.0,0.0
550,bonelli lucas,G,1,1.0,Nantes,0.0,0,0,0,2021,0,0.0,0.0
551,m'bemba yannis,DC,3,5.0,Nantes,0.0,0,0,0,2021,0,0.0,0.0
552,claude maurice alexis,MO,11,22.0,Nice,0.0,0,0,0,2021,0,0.0,0.0
553,bulka marcin,G,7,7.0,Nice,0.0,0,0,0,2021,0,0.0,0.0
554,wade paul,MD,1,11.0,Nice,0.0,0,0,0,2021,0,0.0,0.0
555,robson bambu,DC,5,5.0,Nice,0.0,0,0,0,2021,0,0.0,0.0
556,sotona ayodeji,A,1,1.0,Nice,0.0,0,0,0,2021,0,0.0,0.0
557,boulhendi teddy,G,3,3.0,Nice,0.0,0,0,0,2021,0,0.0,0.0
558,smith justin,MD,3,,Nice,0.0,0,0,0,2021,0,0.0,0.0
559,kurzawa layvin,DL,5,10.0,Paris,0.0,0,0,0,2021,0,0.0,0.0
560,letellier alexandre,G,1,2.0,Paris,0.0,0,0,0,2021,0,0.0,0.0
561,ramos sergio,DC,17,30.0,Paris,0.0,0,0,0,2021,0,0.0,0.0
562,rico sergio,G,3,5.0,Paris,0.0,0,0,0,2021,0,0.0,0.0
563,fressange alexandre,A,1,1.0,Paris,0.0,0,0,0,2021,0,0.0,0.0
564,dagba colin,DL,10,12.0,Paris,0.0,0,0,0,2021,0,0.0,0.0
565,bernat juan,DL,3,7.0,Paris,0.0,0,0,0,2021,0,0.0,0.0
566,bitshiabu el chadaille,DC,1,1.0,Paris,0.0,0,0,0,2021,0,0.0,0.0
567,simons xavi,MD,3,4.0,Paris,0.0,0,0,0,2021,0,0.0,0.0
568,michut edouard,MD,6,6.0,Paris,0.0,0,0,0,2021,0,0.0,0.0
569,fadiga bandiougou,MO,1,1.0,Paris,0.0,0,0,0,2021,0,0.0,0.0
570,gharbi ismael,MO,1,1.0,Paris,0.0,0,0,0,2021,0,0.0,0.0
571,diouf yehvann,G,7,7.0,Reims,0.0,0,0,0,2021,0,0.0,0.0
572,hornby fraser,MO,4,4.0,Reims,0.0,0,0,0,2021,0,0.0,0.0
573,doumbia moussa,MO,5,9.0,Reims,0.0,0,0,0,2021,0,0.0,0.0
574,sissoko sambou,MD,3,,Reims,0.0,0,0,0,2021,0,0.0,0.0
575,zeneli arber,MO,5,12.0,Reims,0.0,0,0,0,2021,0,0.0,0.0
576,doucoure fode,DL,5,5.0,Reims,0.0,0,0,0,2021,0,0.0,0.0
577,valentim enzo,DC,1,1.0,Reims,0.0,0,0,0,2021,0,0.0,0.0
578,mbow mamadou,DC,3,,Reims,0.0,0,0,0,2021,0,0.0,0.0
579,penneteau nicolas,G,3,3.0,Reims,0.0,0,0,0,2021,0,0.0,0.0
580,niang m'baye,A,3,5.0,Rennes,0.0,0,0,0,2021,0,0.0,0.0
581,gelin jeremy,DC,6,7.0,Rennes,0.0,0,0,0,2021,0,0.0,0.0
582,guclu metehan,A,1,1.0,Rennes,0.0,0,0,0,2021,0,0.0,0.0
583,bonet pepe,G,1,1.0,Rennes,0.0,0,0,0,2021,0,0.0,0.0
584,alemdar dogan,G,3,4.0,Rennes,0.0,0,0,0,2021,0,0.0,0.0
585,majer lovro,MO,10,14.0,Rennes,0.0,0,0,0,2021,0,0.01,0.0
586,gabriel silva,DL,7,8.0,St Etienne,0.0,0,0,0,2021,0,0.0,0.0
587,tshibuabua marvin,DC,1,1.0,St Etienne,0.0,0,0,0,2021,0,0.0,0.0
588,benkhedim bilal,MO,1,1.0,St Etienne,0.0,0,0,0,2021,0,0.0,0.0
589,ghezali lamine,A,1,1.0,St Etienne,0.0,0,0,0,2021,0,0.0,0.0
590,sissoko alpha,DL,3,3.0,St Etienne,0.0,0,0,0,2021,0,0.0,0.0
591,moueffek aimen,MD,7,8.0,St Etienne,0.0,0,0,0,2021,0,0.0,0.0
592,sidibe abdoulaye,A,1,1.0,St Etienne,0.0,0,0,0,2021,0,0.0,0.0
593,gabard baptiste,MD,3,3.0,St Etienne,0.0,0,0,0,2021,0,0.0,0.0
594,fall boubacar,G,3,3.0,St Etienne,0.0,0,0,0,2021,0,0.0,0.0
595,bakayoko abdoulaye,DC,1,1.0,St Etienne,0.0,0,0,0,2021,0,0.0,0.0
596,ouennas nabil,G,1,1.0,St Etienne,0.0,0,0,0,2021,0,0.0,0.0
597,lhery yanis,A,1,1.0,St Etienne,0.0,0,0,0,2021,0,0.0,0.0
598,kawashima eiji,G,7,7.0,Strasbourg,0.0,0,0,0,2021,0,0.0,0.0
599,kamara bingourou,G,3,3.0,Strasbourg,0.0,0,0,0,2021,0,0.0,0.0
600,mothiba lebo,A,3,4.0,Strasbourg,0.0,0,0,0,2021,0,0.0,0.0
601,besic benjamin,MO,1,1.0,Strasbourg,0.0,0,0,0,2021,0,0.0,0.0
602,sommer noe,MO,1,,Strasbourg,0.0,0,0,0,2021,0,0.0,0.0
603,pierre alexandre,G,1,1.0,Strasbourg,0.0,0,0,0,2021,0,0.0,0.0
604,elimbi gilbert marvin,DC,1,1.0,Strasbourg,0.0,0,0,0,2021,0,0.0,0.0
605,sahi dion moises,A,6,7.0,Strasbourg,0.0,0,0,0,2021,0,0.0,0.0
606,ahmed aymeric,MO,1,,Strasbourg,0.0,0,0,0,2021,0,0.0,0.0
607,habib diarra,MD,3,,Strasbourg,0.0,0,0,0,2021,0,0.0,0.0
608,bellarouch alaa,G,1,1.0,Strasbourg,0.0,0,0,0,2021,0,0.0,0.0
609,kandil nordine,MO,6,,Strasbourg,0.0,0,0,0,2021,0,0.0,0.0
610,moulin jessy,G,7,8.0,Troyes,0.0,0,0,0,2021,0,0.0,0.0
611,rami adil,DC,5,6.0,Troyes,0.0,0,0,0,2021,0,0.0,0.0
612,massouema eden,MD,3,,Troyes,0.0,0,0,0,2021,0,0.0,0.0
613,suk hyun jun,A,7,9.0,Troyes,0.0,0,0,0,2021,0,0.0,0.0
614,larouci yasser,DL,7,9.0,Troyes,0.0,0,0,0,2021,0,0.0,0.0
615,palmer brown erik,DC,10,11.0,Troyes,0.0,0,0,0,2021,0,0.0,0.0
616,bouallak ryan,G,1,2.0,Troyes,0.0,0,0,0,2021,0,0.0,0.0
617,abdallah benrandy,DL,1,,Troyes,0.0,0,0,0,2021,0,0.0,0.0
618,mutombo gabriel,DC,3,3.0,Troyes,0.0,0,0,0,2021,0,0.0,0.0
619,bombo calvin,MD,1,1.0,Troyes,0.0,0,0,0,2021,0,0.0,0.0
620,renot sebastien,G,3,5.0,Troyes,0.0,0,0,0,2021,0,0.0,0.0
621,alfatahi enzo,DC,1,1.0,Troyes,0.0,0,0,0,2021,0,0.0,0.0
622,fage ryan,MO,1,29.0,Troyes,0.0,0,0,0,2021,0,0.0,0.0
623,metinho,MD,7,11.0,Troyes,0.0,0,0,0,2021,0,0.0,0.0
624,mazou sacko derek,MD,1,,Troyes,0.0,0,0,0,2021,0,0.0,0.0
625,kohon rudy,DC,1,1.0,Troyes,0.0,0,0,0,2021,0,0.0,0.0
