,№,Player,Team,Apps,Min,G,A,xG,xA,xG90,xA90,saison
0,1,Kylian Mbappe-Lottin,Paris Saint Germain,31,2392,27,7,22.85-4.15,5.38-1.62,0.86,0.20,2020
1,2,Memphis Depay,Lyon,37,2932,21,12,16.25-4.75,14.07+2.07,0.50,0.43,2020
2,3,Wissam Ben Yedder,Monaco,37,2658,20,7,20.22+0.22,6.69-0.31,0.68,0.23,2020
3,4,Kevin Volland,Monaco,35,2820,16,7,11.14-4.86,5.54-1.46,0.36,0.18,2020
4,5,Gaetan Laborde,Montpellier,38,3297,16,8,11.38-4.62,5.43-2.57,0.31,0.15,2020
5,6,Ludovic Ajorque,Strasbourg,35,2983,16,4,15.86-0.14,3.36-0.64,0.48,0.10,2020
6,7,Burak Yilmaz,Lille,28,2057,16,5,10.41-5.59,4.22-0.78,0.46,0.18,2020
7,8,Andy Delort,Montpellier,30,2516,15,9,12.93-2.07,6.79-2.21,0.46,0.24,2020
8,9,Karl Toko Ekambi,Lyon,35,2849,14,6,17.98+3.98,7.00+1.00,0.57,0.22,2020
9,10,Boulaye Dia,Reims,36,2974,14,1,13.29-0.71,2.01+1.01,0.40,0.06,2020
0,11,Terem Igobor Moffi,Lorient,32,2104,14,2,10.71-3.29,2.91+0.91,0.46,0.12,2020
1,12,Moise Kean,Paris Saint Germain,26,1723,13,0,10.80-2.20,0.96+0.96,0.56,0.05,2020
2,13,Jonathan Christian David,Lille,37,2375,13,2,10.19-2.81,2.66+0.66,0.39,0.10,2020
3,14,Amine Gouiri,Nice,34,2766,12,7,13.31+1.31,6.95-0.05,0.43,0.23,2020
4,15,Hwang Ui-Jo,Bordeaux,36,2559,12,3,13.86+1.86,3.05+0.05,0.49,0.11,2020
5,16,Gaël Kakuta,Lens,35,2449,11,5,11.00,6.87+1.87,0.40,0.25,2020
6,17,Renaud Ripart,Nimes,38,3069,11,0,10.32-0.68,2.02+2.02,0.30,0.06,2020
7,18,Ludovic Blas,Nantes,36,2824,10,4,7.89-2.11,3.50-0.50,0.25,0.11,2020
8,19,Sehrou Guirassy,Rennes,27,1766,10,1,8.15-1.85,2.81+1.81,0.42,0.14,2020
9,20,Yoane Wissa,Lorient,38,2693,10,4,13.37+3.37,3.58-0.42,0.45,0.12,2020
0,21,Tinotenda Kadewere,Lyon,33,2033,10,3,10.55+0.55,3.56+0.56,0.47,0.16,2020
1,22,Arkadiusz Milik,Marseille,15,1231,9,1,7.98-1.02,1.04+0.04,0.58,0.08,2020
2,23,Neymar,Paris Saint Germain,18,1413,9,5,13.25+4.25,7.52+2.52,0.84,0.48,2020
3,24,Steve Mounie,Brest,35,2704,9,4,11.39+2.39,2.56-1.44,0.38,0.09,2020
4,25,Martin Terrier,Rennes,34,2490,9,7,5.97-3.03,3.87-3.13,0.22,0.14,2020
5,26,Randal Kolo Muani,Nantes,37,3056,9,4,9.46+0.46,6.52+2.52,0.28,0.19,2020
6,27,Habib Diallo,"Metz, Strasbourg",36,2485,9,3,8.54-0.46,2.49-0.51,0.31,0.09,2020
7,28,Lucas Paquetá,Lyon,30,2303,9,5,7.58-1.42,6.41+1.41,0.30,0.25,2020
8,29,Stephy Mavididi,Montpellier,35,2038,9,0,5.80-3.20,1.19+1.19,0.26,0.05,2020
9,30,Moussa Koné,Nimes,33,1777,9,0,5.99-3.01,1.13+1.13,0.30,0.06,2020
0,31,Florian Thauvin,Marseille,36,2777,8,8,9.09+1.09,10.31+2.31,0.29,0.33,2020
1,32,Franck Honorat,Brest,36,2477,8,4,3.73-4.27,7.63+3.63,0.14,0.28,2020
2,33,Florian Sotoca,Lens,33,2445,8,3,10.59+2.59,3.65+0.65,0.39,0.13,2020
3,34,Dimitri Payet,Marseille,33,2442,7,10,6.30-0.70,8.00-2.00,0.23,0.29,2020
4,35,Wahbi Khazri,Saint-Etienne,22,1209,7,1,5.21-1.79,1.38+0.38,0.39,0.10,2020
5,36,Mauro Icardi,Paris Saint Germain,20,1071,7,3,8.70+1.70,2.84-0.16,0.73,0.24,2020
6,37,Denis Bouanga,Saint-Etienne,36,2753,7,4,12.28+5.28,3.56-0.44,0.40,0.12,2020
7,38,Irvin Cardona,Brest,36,2046,7,1,6.86-0.14,1.13+0.13,0.30,0.05,2020
8,39,Houssem Aouar,Lyon,30,1800,7,3,10.60+3.60,3.77+0.77,0.53,0.19,2020
9,40,Angelo Fulgini,Angers,33,2756,7,3,5.08-1.92,4.77+1.77,0.17,0.16,2020
0,41,Ignatius Ganago,Lens,24,1313,7,0,7.55+0.55,1.04+1.04,0.52,0.07,2020
1,42,Sofiane Diop,Monaco,32,2044,7,1,4.43-2.57,2.73+1.73,0.20,0.12,2020
2,43,Imran Louza,Nantes,33,2409,7,2,5.84-1.16,1.76-0.24,0.22,0.07,2020
3,44,Mama Baldé,Dijon,29,2181,7,0,8.16+1.16,0.51+0.51,0.34,0.02,2020
4,45,Yusuf Yazici,Lille,32,1069,7,4,4.71-2.29,3.52-0.48,0.40,0.30,2020
5,46,Arnaud Kalimuendo Muinga,"Lens, Paris Saint Germain",29,1288,7,3,6.37-0.63,2.46-0.54,0.45,0.17,2020
6,47,Stevan Jovetic,Monaco,29,763,6,0,5.76-0.24,0.46+0.46,0.68,0.05,2020
7,48,Pablo Sarabia,Paris Saint Germain,27,1301,6,4,6.45+0.45,6.23+2.23,0.45,0.43,2020
8,49,Gaëtan Charbonnier,Brest,36,1564,6,1,5.05-0.95,2.62+1.62,0.29,0.15,2020
9,50,Romain Hamouma,Saint-Etienne,29,1768,6,1,5.31-0.69,2.83+1.83,0.27,0.14,2020
0,51,Jonathan Bamba,Lille,38,3006,6,9,4.19-1.81,4.29-4.71,0.13,0.13,2020
1,52,Benjamin Bourigeaud,Rennes,37,2572,6,5,4.28-1.72,5.08+0.08,0.15,0.18,2020
2,53,Farid Boulaya,Metz,33,2830,6,8,5.07-0.93,8.47+0.47,0.16,0.27,2020
3,54,Stéphane Bahoken,Angers,30,1633,6,2,7.46+1.46,1.15-0.85,0.41,0.06,2020
4,55,Ibrahima Niane,Metz,10,676,6,0,3.52-2.48,0.17+0.17,0.47,0.02,2020
5,56,Romain Faivre,Brest,36,2915,6,5,6.05+0.05,6.22+1.22,0.19,0.19,2020
6,57,Moses Simon,Nantes,33,2362,6,5,6.97+0.97,2.84-2.16,0.27,0.11,2020
7,58,Zinedine Ferhat,Nimes,33,2960,6,10,5.50-0.50,6.41-3.59,0.17,0.19,2020
8,59,Kasper Dolberg,Nice,25,1932,6,2,7.54+1.54,1.22-0.78,0.35,0.06,2020
9,60,Aleksandr Golovin,Monaco,21,1073,5,9,2.83-2.17,6.02-2.98,0.24,0.50,2020
0,61,Adrien Thomasson,Strasbourg,37,2651,5,1,6.34+1.34,4.80+3.80,0.22,0.16,2020
1,62,Ángel Di María,Paris Saint Germain,27,1880,5,9,5.12+0.12,11.50+2.50,0.24,0.55,2020
2,63,Moussa Konate,Dijon,27,1186,5,1,5.61+0.61,0.49-0.51,0.43,0.04,2020
3,64,Lois Diony,Angers,36,1759,5,1,4.40-0.60,1.91+0.91,0.23,0.10,2020
4,65,Guillermo Maripán,Monaco,28,2079,5,1,2.67-2.33,0.82-0.18,0.12,0.04,2020
5,66,Téji Savanier,Montpellier,27,2187,5,5,5.72+0.72,6.88+1.88,0.24,0.28,2020
6,67,Darío Benedetto,Marseille,32,1597,5,3,7.52+2.52,2.27-0.73,0.42,0.13,2020
7,68,Simon Banza,Lens,34,1341,5,2,5.90+0.90,2.11+0.11,0.40,0.14,2020
8,69,Julian Draxler,Paris Saint Germain,24,1063,4,3,1.81-2.19,3.94+0.94,0.15,0.33,2020
9,70,Romain Thomas,Angers,34,3030,4,0,2.44-1.56,0.13+0.13,0.07,0.00,2020
0,71,Damien Da Silva,Rennes,30,2670,4,0,1.34-2.66,0.33+0.33,0.05,0.01,2020
1,72,Clément Grenier,Rennes,23,1069,4,3,2.72-1.28,2.17-0.83,0.23,0.18,2020
2,73,Mathieu Cafaro,Reims,31,2118,4,2,2.67-1.33,2.87+0.87,0.11,0.12,2020
3,74,Adrien Hunou,Rennes,20,560,4,0,4.33+0.33,0.84+0.84,0.70,0.14,2020
4,75,Pierre Lees-Melou,Nice,29,2061,4,2,4.15+0.15,0.86-1.14,0.18,0.04,2020
5,76,Jonathan Ikone,Lille,37,2198,4,5,4.52+0.52,2.62-2.38,0.19,0.11,2020
6,77,Arnaud Nordin,Saint-Etienne,32,1780,4,4,4.38+0.38,2.72-1.28,0.22,0.14,2020
7,78,Alexis Claude Maurice,Nice,30,1901,4,5,4.39+0.39,3.81-1.19,0.21,0.18,2020
8,79,Pierre-Yves Hamel,Lorient,23,842,4,2,3.30-0.70,0.57-1.43,0.35,0.06,2020
9,80,Aaron Leya Iseka,Metz,21,1015,4,0,4.40+0.40,0.61+0.61,0.39,0.05,2020
0,81,Luiz Araujo,Lille,28,1506,4,2,3.37-0.63,2.40+0.40,0.20,0.14,2020
1,82,Vágner,Metz,26,958,4,1,4.92+0.92,1.45+0.45,0.46,0.14,2020
2,83,Remi Oudin,Bordeaux,38,2452,4,4,4.06+0.06,5.60+1.60,0.15,0.21,2020
3,84,Toma Basic,Bordeaux,34,2614,4,1,4.14+0.14,1.68+0.68,0.14,0.06,2020
4,85,Samuel Kalu,Bordeaux,20,980,4,1,1.76-2.24,0.53-0.47,0.16,0.05,2020
5,86,Nathanael Mbuku,Reims,32,2246,4,1,2.78-1.22,2.19+1.19,0.11,0.09,2020
6,87,Pereira Lage,Angers,28,1475,4,1,1.98-2.02,0.59-0.41,0.12,0.04,2020
7,88,El Bilal Touré,Reims,33,1235,4,1,2.12-1.88,0.72-0.28,0.15,0.05,2020
8,89,Adrian Grbic,Lorient,33,926,4,0,6.47+2.47,0.71+0.71,0.63,0.07,2020
9,90,Niclas Eliasson,Nimes,30,1812,4,3,3.89-0.11,3.19+0.19,0.19,0.16,2020
0,91,Marcelo,Lyon,34,2923,3,0,1.25-1.75,0.34+0.34,0.04,0.01,2020
1,92,José Fonte,Lille,36,3190,3,0,1.60-1.40,0.42+0.42,0.05,0.01,2020
2,93,Islam Slimani,Lyon,18,555,3,1,3.07+0.07,2.23+1.23,0.50,0.36,2020
3,94,Marquinhos,Paris Saint Germain,25,2133,3,1,2.39-0.61,0.23-0.77,0.10,0.01,2020
4,95,Valère Germain,Marseille,24,823,3,0,2.50-0.50,0.06+0.06,0.27,0.01,2020
5,96,Rony Lopes,Nice,28,1815,3,1,3.38+0.38,3.69+2.69,0.17,0.18,2020
6,97,Ismael Traoré,Angers,34,2993,3,3,1.34-1.66,0.74-2.26,0.04,0.02,2020
7,98,Thomas Mangani,Angers,35,2725,3,3,3.09+0.09,2.82-0.18,0.10,0.09,2020
8,99,Pierrick Capelle,Angers,35,2059,3,3,3.26+0.26,1.90-1.10,0.14,0.08,2020
9,100,Laurent Abergel,Lorient,38,2977,3,1,1.31-1.69,1.77+0.77,0.04,0.05,2020
0,101,Yunis Abdelhamid,Reims,33,2889,3,0,2.03-0.97,0.45+0.45,0.06,0.01,2020
1,102,Opa Nguette,Metz,16,1144,3,1,3.26+0.26,0.63-0.37,0.26,0.05,2020
2,103,Florent Mollet,Montpellier,34,2381,3,5,5.18+2.18,3.45-1.55,0.20,0.13,2020
3,104,Myziane Maolida,Nice,19,1076,3,1,2.23-0.77,1.79+0.79,0.19,0.15,2020
4,105,Kenny Lala,Strasbourg,21,1842,3,2,2.59-0.41,3.90+1.90,0.13,0.19,2020
5,106,Kalifa Coulibaly,Nantes,17,983,3,1,2.58-0.42,1.21+0.21,0.24,0.11,2020
6,107,Mahdi Camara,Saint-Etienne,37,3298,3,2,3.10+0.10,1.00-1.00,0.08,0.03,2020
7,108,Romain Perraud,Brest,36,3140,3,7,2.71-0.29,3.13-3.87,0.08,0.09,2020
8,109,Timothy Weah,Lille,28,850,3,0,3.06+0.06,1.37+1.37,0.32,0.14,2020
9,110,Armand Lauriente,Lorient,29,1616,3,5,3.39+0.39,5.30+0.30,0.19,0.29,2020
0,111,Mehmet Zeki Çelik,Lille,29,2394,3,2,0.50-2.50,2.25+0.25,0.02,0.08,2020
1,112,Axel Disasi,Monaco,29,2025,3,0,2.23-0.77,0.60+0.60,0.10,0.03,2020
2,113,Naif Aguerd,Rennes,35,3148,3,1,3.29+0.29,0.70-0.30,0.09,0.02,2020
3,114,Gelson Martins,Monaco,23,1585,3,2,3.30+0.30,2.83+0.83,0.19,0.16,2020
4,115,Charles Nathan Abi,Saint-Etienne,24,907,3,2,2.26-0.74,0.37-1.63,0.22,0.04,2020
5,116,Arbër Zeneli,Reims,28,1286,3,3,1.58-1.42,1.95-1.05,0.11,0.14,2020
6,117,Brendan Chardonnet,Brest,33,2711,3,1,3.17+0.17,0.65-0.35,0.11,0.02,2020
7,118,Harold Moukoudi,Saint-Etienne,26,2276,3,1,1.80-1.20,1.35+0.35,0.07,0.05,2020
8,119,Abdoul Kader Bamba,Nantes,29,881,3,1,1.97-1.03,1.46+0.46,0.20,0.15,2020
9,120,Thomas Delaine,Metz,24,1780,3,2,1.37-1.63,1.12-0.88,0.07,0.06,2020
0,121,Hichem Boudaoui,Nice,25,1763,3,2,1.96-1.04,1.84-0.16,0.10,0.09,2020
1,122,Papa Ndiaga Yade,Metz,28,981,3,4,1.54-1.46,2.31-1.69,0.14,0.21,2020
2,123,Bruno Guimarães,Lyon,33,1760,3,1,2.54-0.46,1.97+0.97,0.13,0.10,2020
3,124,Jonathan Clauss,Lens,33,2560,3,6,1.67-1.33,6.75+0.75,0.06,0.24,2020
4,125,Lamine Gueye,Metz,26,1476,3,2,4.39+1.39,2.10+0.10,0.27,0.13,2020
5,126,Pape Sarr,Metz,22,1588,3,0,0.79-2.21,0.41+0.41,0.04,0.02,2020
6,127,Sepe Elye Wahi,Montpellier,18,521,3,1,2.08-0.92,0.36-0.64,0.36,0.06,2020
7,128,Dante,Nice,9,778,2,1,0.91-1.09,0.41-0.59,0.10,0.05,2020
8,129,Idrissa Gueye,Paris Saint Germain,28,1580,2,1,0.89-1.11,0.82-0.18,0.05,0.05,2020
9,130,Cesc Fàbregas,Monaco,21,865,2,3,3.00+1.00,2.50-0.50,0.31,0.26,2020
0,131,Massadio Haidara,Lens,25,2141,2,1,2.19+0.19,1.69+0.69,0.09,0.07,2020
1,132,Mathieu Debuchy,Saint-Etienne,26,2106,2,1,2.03+0.03,1.10+0.10,0.09,0.05,2020
2,133,Seko Fofana,Lens,30,2309,2,3,2.74+0.74,2.58-0.42,0.11,0.10,2020
3,134,Alessandro Florenzi,Paris Saint Germain,21,1551,2,1,2.48+0.48,2.40+1.40,0.14,0.14,2020
4,135,Pol Lirola,Marseille,19,1555,2,2,1.32-0.68,2.43+0.43,0.08,0.14,2020
5,136,Álvaro González,Marseille,32,2839,2,3,0.77-1.23,1.06-1.94,0.02,0.03,2020
6,137,Petar Skuletic,Montpellier,19,197,2,0,1.53-0.47,0.61+0.61,0.70,0.28,2020
7,138,Pedro Mendes,Montpellier,22,1633,2,0,1.28-0.72,0.20+0.20,0.07,0.01,2020
8,139,Maxwel Cornet,Lyon,36,2477,2,5,1.95-0.05,3.61-1.39,0.07,0.13,2020
9,140,Paul Baysse,Bordeaux,31,2615,2,2,2.05+0.05,0.52-1.48,0.07,0.02,2020
0,141,Daniel Congré,Montpellier,38,3304,2,0,1.04-0.96,0.15+0.15,0.03,0.00,2020
1,142,Yassine Benzia,Dijon,7,410,2,0,1.66-0.34,0.33+0.33,0.36,0.07,2020
2,143,Léo Dubois,Lyon,37,2939,2,4,1.08-0.92,6.28+2.28,0.03,0.19,2020
3,144,Romain Philippoteaux,"Brest, Nimes",20,790,2,1,0.93-1.07,1.01+0.01,0.11,0.11,2020
4,145,Hatem Ben Arfa,Bordeaux,24,1719,2,4,2.14+0.14,3.51-0.49,0.11,0.18,2020
5,146,Nicolas Pallois,Nantes,32,2776,2,0,1.86-0.14,0.15+0.15,0.06,0.00,2020
6,147,Abdoulaye Touré,Nantes,29,1685,2,2,2.37+0.37,1.69-0.31,0.13,0.09,2020
7,148,Morgan Sanson,Marseille,12,837,2,3,0.89-1.11,3.00,0.10,0.32,2020
8,149,Hassane Kamara,Nice,36,2966,2,1,1.53-0.47,2.47+1.47,0.05,0.07,2020
9,150,Stefan Mitrovic,Strasbourg,32,2780,2,0,1.00-1.00,0.07+0.07,0.03,0.00,2020
0,151,Jean Eudes Aholou,"Monaco, Strasbourg",29,2208,2,2,2.06+0.06,0.99-1.01,0.08,0.04,2020
1,152,Bruno Ecuele Manga,Dijon,38,3420,2,0,1.88-0.12,0.06+0.06,0.05,0.00,2020
2,153,Josh Maja,Bordeaux,17,814,2,0,2.45+0.45,0.34+0.34,0.27,0.04,2020
3,154,Saif-Eddine Khaoui,Marseille,17,594,2,1,0.85-1.15,0.55-0.45,0.13,0.08,2020
4,155,Matteo Ahlinvi,Nimes,20,883,2,0,1.33-0.67,0.15+0.15,0.14,0.02,2020
5,156,Thomas Monconduit,Lorient,27,1138,2,0,0.88-1.12,0.90+0.90,0.07,0.07,2020
6,157,Dmitri Lienard,Strasbourg,34,1826,2,4,3.06+1.06,4.14+0.14,0.15,0.20,2020
7,158,Quentin Boisgard,Lorient,24,1327,2,2,1.76-0.24,1.38-0.62,0.12,0.09,2020
8,159,Kévin Zohi,Strasbourg,23,398,2,0,0.83-1.17,0.21+0.21,0.19,0.05,2020
9,160,Michaël Cuisance,Marseille,23,1018,2,1,0.91-1.09,0.50-0.50,0.08,0.04,2020
0,161,Aurelien Tchouameni,Monaco,36,3084,2,4,4.78+2.78,3.09-0.91,0.14,0.09,2020
1,162,Trevoh Chalobah,Lorient,29,2239,2,2,2.35+0.35,0.75-1.25,0.09,0.03,2020
2,163,Yacine Adli,Bordeaux,35,2421,2,5,1.78-0.22,4.40-0.60,0.07,0.16,2020
3,164,Senou Coulibaly,Dijon,22,1939,2,0,0.82-1.18,0.09+0.09,0.04,0.00,2020
4,165,Ghislain Konan,Reims,31,2614,2,1,0.25-1.75,0.93-0.07,0.01,0.03,2020
5,166,Duje Caleta-Car,Marseille,33,2821,2,1,1.05-0.95,1.38+0.38,0.03,0.04,2020
6,167,Nemanja Radonjic,Marseille,12,382,2,1,1.62-0.38,0.25-0.75,0.38,0.06,2020
7,168,Benoit Badiashile Mukinayi,Monaco,35,2874,2,1,2.80+0.80,0.76-0.24,0.09,0.02,2020
8,169,Kephren Thuram,Nice,29,1511,2,0,1.22-0.78,0.20+0.20,0.07,0.01,2020
9,170,Leonardo Balerdi,Marseille,21,1638,2,0,3.10+1.10,0.03+0.03,0.17,0.00,2020
0,171,Adil Aouchiche,Saint-Etienne,34,1770,2,5,3.04+1.04,5.37+0.37,0.15,0.27,2020
1,172,Ngonda Muzinga,Dijon,30,2309,2,0,0.26-1.74,0.90+0.90,0.01,0.03,2020
2,173,Dylan Bronn,Metz,38,3414,2,0,2.24+0.24,0.33+0.33,0.06,0.01,2020
3,174,Renaud Emond,Nantes,22,307,2,0,1.64-0.36,0.12+0.12,0.48,0.04,2020
4,175,Mehdi Chahiri,Strasbourg,23,788,2,0,1.57-0.43,1.13+1.13,0.18,0.13,2020
5,176,Birger Meling,Nimes,26,2332,2,3,0.56-1.44,2.57-0.43,0.02,0.10,2020
6,177,Facundo Medina,Lens,24,2009,2,0,1.17-0.83,0.64+0.64,0.05,0.03,2020
7,178,Cheick Oumar Doucoure,Lens,33,2643,2,1,1.10-0.90,1.14+0.14,0.04,0.04,2020
8,179,Jerome Hergault,Lorient,22,1625,2,0,0.43-1.57,0.29+0.29,0.02,0.02,2020
9,180,Pape Alassane Gueye,Marseille,32,2049,2,0,1.16-0.84,0.84+0.84,0.05,0.04,2020
0,181,Jéremy Doku,Rennes,30,2324,2,3,2.59+0.59,3.59+0.59,0.10,0.14,2020
1,182,Danilo Pereira,Paris Saint Germain,23,1421,2,1,1.47-0.53,0.92-0.08,0.09,0.06,2020
2,183,Ander Herrera,Paris Saint Germain,31,1845,1,3,1.38+0.38,2.16-0.84,0.07,0.11,2020
3,184,Lamine Koné,Strasbourg,15,1046,1,0,0.91-0.09,0.03+0.03,0.08,0.00,2020
4,185,Jordan Amavi,Marseille,13,813,1,0,0.19-0.81,0.22+0.22,0.02,0.02,2020
5,186,Jason Denayer,Lyon,31,2620,1,0,0.55-0.45,0.00,0.02,0.00,2020
6,187,Jeff Reine-Adelaide,"Lyon, Nice",15,1083,1,2,1.57+0.57,2.09+0.09,0.13,0.17,2020
7,188,M'Baye Niang,Rennes,9,420,1,0,1.17+0.17,0.02+0.02,0.25,0.00,2020
8,189,Leandro Paredes,Paris Saint Germain,21,1316,1,2,0.70-0.30,1.49-0.51,0.05,0.10,2020
9,190,Sofiane Boufal,Angers,14,743,1,0,2.16+1.16,0.15+0.15,0.26,0.02,2020
0,191,Steven N'Zonzi,Rennes,34,2908,1,1,1.95+0.95,0.75-0.25,0.06,0.02,2020
1,192,Hamari Traore,Rennes,35,3006,1,1,1.32+0.32,2.77+1.77,0.04,0.08,2020
2,193,Nicolas de Preville,Bordeaux,33,1595,1,2,3.73+2.73,3.78+1.78,0.21,0.21,2020
3,194,Frederic Guilbert,Strasbourg,13,1119,1,4,0.41-0.59,1.81-2.19,0.03,0.15,2020
4,195,Pablo,Bordeaux,13,1074,1,0,0.97-0.03,0.13+0.13,0.08,0.01,2020
5,196,Layvin Kurzawa,Paris Saint Germain,19,1291,1,1,0.93-0.07,2.02+1.02,0.06,0.14,2020
6,197,Yannick Cahuzac,Lens,30,2268,1,0,1.51+0.51,0.61+0.61,0.06,0.02,2020
7,198,Lassana Coulibaly,Angers,29,1677,1,1,0.87-0.13,0.75-0.25,0.05,0.04,2020
8,199,Issiaga Sylla,Lens,20,1113,1,0,1.41+0.41,1.02+1.02,0.11,0.08,2020
9,200,Youssouf Sabaly,Bordeaux,33,2920,1,2,0.54-0.46,1.57-0.43,0.02,0.05,2020
0,201,Corentin Jean,Lens,23,547,1,1,1.64+0.64,0.47-0.53,0.27,0.08,2020
1,202,Jimmy Cabot,Angers,22,923,1,1,0.85-0.15,1.16+0.16,0.08,0.11,2020
2,203,Majeed Waris,Strasbourg,15,540,1,0,1.87+0.87,0.07+0.07,0.31,0.01,2020
3,204,Jimmy Briand,Bordeaux,24,520,1,2,1.31+0.31,0.22-1.78,0.23,0.04,2020
4,205,Fabien Lemoine,Lorient,30,1959,1,0,0.55-0.45,1.32+1.32,0.03,0.06,2020
5,206,Ronael Pierre Gabriel,Brest,29,2325,1,0,0.44-0.56,1.16+1.16,0.02,0.05,2020
6,207,Enock Kwateng,Bordeaux,18,1040,1,0,0.58-0.42,0.42+0.42,0.05,0.04,2020
7,208,Charles Traore,Nantes,22,1701,1,0,0.24-0.76,0.22+0.22,0.01,0.01,2020
8,209,Valentin Rongier,Marseille,26,1901,1,2,0.94-0.06,0.97-1.03,0.04,0.05,2020
9,210,Lucas Deaux,Nimes,25,1760,1,2,0.85-0.15,1.50-0.50,0.04,0.08,2020
0,211,Loïck Landre,Nimes,20,1627,1,0,2.15+1.15,0.02+0.02,0.12,0.00,2020
1,212,Sada Thioub,Angers,27,1247,1,1,1.14+0.14,1.60+0.60,0.08,0.12,2020
2,213,Aboubakar Kamara,Dijon,10,567,1,0,1.17+0.17,0.97+0.97,0.19,0.15,2020
3,214,Andrew Gravillon,Lorient,26,2274,1,2,0.66-0.34,0.64-1.36,0.03,0.03,2020
4,215,Adrián Cubas,Nimes,27,2270,1,0,0.35-0.65,0.52+0.52,0.01,0.02,2020
5,216,Pietro Pellegri,Monaco,16,198,1,0,1.23+0.23,0.51+0.51,0.56,0.23,2020
6,217,Renato Sanches,Lille,23,1272,1,3,2.38+1.38,2.08-0.92,0.17,0.15,2020
7,218,Arnaud Souquet,Montpellier,23,1231,1,1,0.18-0.82,0.57-0.43,0.01,0.04,2020
8,219,Flavien Tait,Rennes,23,1377,1,3,1.99+0.99,2.08-0.92,0.13,0.14,2020
9,220,Digbo Maiga,Metz,31,2697,1,3,2.04+1.04,1.71-1.29,0.07,0.06,2020
0,221,Fouad Chafik,Dijon,23,1618,1,0,0.10-0.90,0.72+0.72,0.01,0.04,2020
1,222,Xeka,Lille,33,1172,1,2,0.60-0.40,1.71-0.29,0.05,0.13,2020
2,223,Zaydou Youssef,Saint-Etienne,29,1219,1,1,1.20+0.20,0.63-0.37,0.09,0.05,2020
3,224,Ruben Aguilar,Monaco,33,2235,1,3,0.68-0.32,5.08+2.08,0.03,0.20,2020
4,225,Otávio,Bordeaux,18,1562,1,0,0.47-0.53,0.04+0.04,0.03,0.00,2020
5,226,Andrei Girotto,Nantes,34,2655,1,1,1.79+0.79,2.02+1.02,0.06,0.07,2020
6,227,Junior Sambia,Montpellier,36,2436,1,6,0.82-0.18,2.89-3.11,0.03,0.11,2020
7,228,Gerzino Nyamsi,Rennes,14,870,1,0,0.62-0.38,0.11+0.11,0.06,0.01,2020
8,229,Willem Geubbels,Monaco,14,267,1,0,1.13+0.13,0.29+0.29,0.38,0.10,2020
9,230,Ambroise Oyongo,Montpellier,13,546,1,1,0.32-0.68,0.22-0.78,0.05,0.04,2020
0,231,Jean-Clair Todibo,Nice,15,1334,1,0,0.83-0.17,0.06+0.06,0.06,0.00,2020
1,232,Youcef Atal,Nice,18,975,1,0,0.46-0.54,0.74+0.74,0.04,0.07,2020
2,233,William Saliba,Nice,20,1800,1,0,0.77-0.23,0.04+0.04,0.04,0.00,2020
3,234,Colin Dagba,Paris Saint Germain,25,1347,1,2,0.71-0.29,1.21-0.79,0.05,0.08,2020
4,235,Moussa Dembele,Lyon,16,653,1,0,5.00+4.00,0.73+0.73,0.69,0.10,2020
5,236,Eduardo Camavinga,Rennes,35,2429,1,2,1.83+0.83,1.46-0.54,0.07,0.05,2020
6,237,Mohamed Simakan,Strasbourg,19,1625,1,1,1.48+0.48,0.92-0.08,0.08,0.05,2020
7,238,Eric Junior Dina Ebimbe,Dijon,30,2158,1,1,2.89+1.89,2.11+1.11,0.12,0.09,2020
8,239,Moreto Cassamã,Reims,29,2050,1,1,0.28-0.72,0.78-0.22,0.01,0.03,2020
9,240,Lucas Perrin,Marseille,7,300,1,0,0.56-0.44,0.06+0.06,0.17,0.02,2020
0,241,Jean-Charles Castelletto,Nantes,24,1950,1,0,1.97+0.97,0.22+0.22,0.09,0.01,2020
1,242,Domagoj Bradaric,Lille,26,1249,1,2,0.23-0.77,0.97-1.03,0.02,0.07,2020
2,243,Jean-Ricner Bellegarde,Strasbourg,36,2110,1,1,2.53+1.53,2.54+1.54,0.11,0.11,2020
3,244,Fabien Centonze,Metz,36,3223,1,0,1.19+0.19,2.47+2.47,0.03,0.07,2020
4,245,John Boye,Metz,35,3053,1,2,2.50+1.50,0.15-1.85,0.07,0.00,2020
5,246,Kévin Denkey,Nimes,10,526,1,1,1.81+0.81,0.70-0.30,0.31,0.12,2020
6,247,Marshall Munetsi,Reims,27,1922,1,0,0.92-0.08,0.22+0.22,0.04,0.01,2020
7,248,Lamine Fomba,Nimes,32,2176,1,1,2.78+1.78,1.01+0.01,0.11,0.04,2020
8,249,Dereck Kutesa,Reims,28,653,1,2,0.94-0.06,0.73-1.27,0.13,0.10,2020
9,250,Raphinha,Rennes,6,416,1,2,0.88-0.12,1.33-0.67,0.19,0.29,2020
0,251,Jean-Kevin Duverne,Brest,27,2014,1,0,0.72-0.28,0.58+0.58,0.03,0.03,2020
1,252,Mathis Cherki,Lyon,27,663,1,3,1.21+0.21,1.94-1.06,0.16,0.26,2020
2,253,Boubacar Traore,Metz,2,50,1,0,0.02-0.98,0.00,0.03,0.00,2020
3,254,Mehdi Zerkane,Bordeaux,27,1189,1,1,1.82+0.82,1.53+0.53,0.14,0.12,2020
4,255,Yvann Maçon,Saint-Etienne,6,540,1,1,0.04-0.96,0.08-0.92,0.01,0.01,2020
5,256,Roger Assalé,Dijon,17,836,1,0,0.95-0.05,0.19+0.19,0.10,0.02,2020
6,257,Aurelien Scheidler,Dijon,10,335,1,0,0.70-0.30,0.66+0.66,0.19,0.18,2020
7,258,Adrien Truffert,Rennes,29,1968,1,3,0.95-0.05,2.43-0.57,0.04,0.11,2020
8,259,Eliot Matazo,Monaco,10,303,1,1,0.91-0.09,0.45-0.55,0.27,0.13,2020
9,260,Wout Faes,Reims,33,2903,1,0,1.55+0.55,0.05+0.05,0.05,0.00,2020
0,261,Jeremy Le Douaron,Brest,28,799,1,2,1.59+0.59,0.57-1.43,0.18,0.06,2020
1,262,Jordan Lotomba,Nice,30,2138,1,0,0.30-0.70,1.42+1.42,0.01,0.06,2020
2,263,Dan Ndoye,Nice,28,497,1,1,0.59-0.41,0.63-0.37,0.11,0.11,2020
3,264,Flavius Daniliuc,Nice,23,1458,1,0,0.57-0.43,0.46+0.46,0.04,0.03,2020
4,265,Lilian Brassier,Brest,11,966,1,1,0.41-0.59,0.77-0.23,0.04,0.07,2020
5,266,Kiki Kouyate,Metz,25,1958,1,0,1.23+0.23,0.20+0.20,0.06,0.01,2020
6,267,Yvan Neyou,Saint-Etienne,31,2469,1,2,1.18+0.18,2.33+0.33,0.04,0.08,2020
7,268,Timothee Pembele,Paris Saint Germain,6,379,1,0,0.79-0.21,0.11+0.11,0.19,0.03,2020
8,269,David Pereira Da Costa,Lens,8,145,1,1,0.55-0.45,0.09-0.91,0.34,0.06,2020
9,270,Sékou Mara,Bordeaux,8,225,1,2,0.48-0.52,0.52-1.48,0.19,0.21,2020
0,271,Krépin Diatta,Monaco,12,382,1,0,0.73-0.27,0.07+0.07,0.17,0.02,2020
1,272,Alexis Flips,Reims,2,36,1,0,0.03-0.97,0.00,0.08,0.00,2020
2,273,Malik Sellouki,Nice,4,59,1,0,0.17-0.83,0.00,0.25,0.00,2020
3,274,Issouf Sissokho,Bordeaux,6,69,1,0,0.06-0.94,0.00,0.08,0.00,2020
4,275,Dion Moise Sahi,Strasbourg,6,80,1,0,0.40-0.60,0.06+0.06,0.45,0.07,2020
5,276,Hiroki Sakai,Marseille,29,2394,0,1,0.63+0.63,1.32+0.32,0.02,0.05,2020
6,277,Anthony Modeste,Saint-Etienne,7,289,0,0,0.70+0.70,0.14+0.14,0.22,0.04,2020
7,278,Juan Bernat,Paris Saint Germain,3,197,0,0,0.00,0.09+0.09,0.00,0.04,2020
8,279,Laurent Koscielny,Bordeaux,26,2216,0,2,0.58+0.58,1.22-0.78,0.02,0.05,2020
9,280,Morgan Schneiderlin,Nice,28,2199,0,0,0.56+0.56,0.64+0.64,0.02,0.03,2020
0,281,Vito Mannone,Monaco,9,810,0,0,0.00,0.00,0.00,0.00,2020
1,282,Yann M'Vila,Saint-Etienne,1,19,0,0,0.00,0.00,0.00,0.00,2020
2,283,Pedro Chirivella,Nantes,32,2279,0,2,0.42+0.42,1.04-0.96,0.02,0.04,2020
3,284,Bersant Celina,Dijon,32,2299,0,5,1.31+1.31,3.82-1.18,0.05,0.15,2020
4,285,Sylvain Marveaux,Lorient,9,195,0,0,0.72+0.72,0.07+0.07,0.33,0.03,2020
5,286,Olivier Ntcham,Marseille,4,120,0,0,0.06+0.06,0.00,0.05,0.00,2020
6,287,Mattia De Sciglio,Lyon,29,1440,0,1,0.07+0.07,1.12+0.12,0.00,0.07,2020
7,288,Kevin Strootman,Marseille,11,213,0,0,0.00,0.16+0.16,0.00,0.07,2020
8,289,Daniele Rugani,Rennes,1,90,0,0,0.04+0.04,0.00,0.04,0.00,2020
9,290,Assane Diousse,Saint-Etienne,1,1,0,0,0.00,0.00,0.00,0.00,2020
0,291,Alfred Gomis,"Dijon, Rennes",27,2430,0,0,0.00,0.00,0.00,0.00,2020
1,292,Yuto Nagatomo,Marseille,25,1609,0,1,0.07+0.07,0.39-0.61,0.00,0.02,2020
2,293,Steve Mandanda,Marseille,37,3330,0,0,0.00,0.00,0.00,0.00,2020
3,294,Didier Ndong,Dijon,29,2610,0,1,0.15+0.15,1.14+0.14,0.01,0.04,2020
4,295,Fabio,Nantes,22,1511,0,1,0.31+0.31,0.64-0.36,0.02,0.04,2020
5,296,Jérémy Pied,Lille,6,324,0,0,0.03+0.03,0.46+0.46,0.01,0.13,2020
6,297,Gabriel Silva,Saint-Etienne,4,356,0,0,0.00,0.17+0.17,0.00,0.04,2020
7,298,Sanjin Prcic,Strasbourg,14,332,0,1,0.16+0.16,0.38-0.62,0.04,0.10,2020
8,299,Timothée Kolodziejczak,Saint-Etienne,24,2040,0,0,0.76+0.76,0.60+0.60,0.03,0.03,2020
9,300,Sergio Rico,Paris Saint Germain,10,803,0,0,0.00,0.00,0.00,0.00,2020
0,301,Rafinha,Paris Saint Germain,23,1373,0,4,1.48+1.48,3.00-1.00,0.10,0.20,2020
1,302,Rubén Pardo,Bordeaux,2,17,0,0,0.00,0.00,0.00,0.00,2020
2,303,Keylor Navas,Paris Saint Germain,29,2527,0,0,0.00,0.00,0.00,0.00,2020
3,304,Jesé,Paris Saint Germain,2,19,0,0,0.00,0.00,0.00,0.00,2020
4,305,Pape Cheikh,Dijon,21,1092,0,0,0.33+0.33,0.31+0.31,0.03,0.03,2020
5,306,Danilo,Nice,4,250,0,0,0.11+0.11,0.10+0.10,0.04,0.04,2020
6,307,Thilo Kehrer,Paris Saint Germain,24,1603,0,0,0.40+0.40,0.58+0.58,0.02,0.03,2020
7,308,Moussa Doumbia,Reims,23,889,0,1,0.51+0.51,2.22+1.22,0.05,0.22,2020
8,309,Damien Le Tallec,Montpellier,23,1220,0,0,1.50+1.50,0.40+0.40,0.11,0.03,2020
9,310,Alban Lafont,Nantes,38,3420,0,0,0.00,0.00,0.00,0.00,2020
0,311,Benoit Costil,Bordeaux,38,3420,0,0,0.00,0.00,0.00,0.00,2020
1,312,Benjamin André,Lille,35,2924,0,1,0.97+0.97,1.02+0.02,0.03,0.03,2020
2,313,Ludovic Baal,Brest,7,295,0,0,0.00,0.38+0.38,0.00,0.12,2020
3,314,Paul Bernardoni,Angers,38,3420,0,0,0.00,0.00,0.00,0.00,2020
4,315,Anthony Lopes,Lyon,38,3420,0,0,0.00,0.00,0.00,0.00,2020
5,316,Jérémy Morel,Lorient,28,2495,0,0,0.27+0.27,0.12+0.12,0.01,0.00,2020
6,317,Jordan Ferri,Montpellier,34,2609,0,3,0.09+0.09,1.37-1.63,0.00,0.05,2020
7,318,Jean-Kevin Augustin,Nantes,3,30,0,0,0.00,0.00,0.00,0.00,2020
8,319,Jean Michael Seri,Bordeaux,12,716,0,0,0.14+0.14,0.24+0.24,0.02,0.03,2020
9,320,Jean-Louis Leca,Lens,37,3318,0,0,0.00,0.05+0.05,0.00,0.00,2020
0,321,Alexander Djiku,Strasbourg,30,2558,0,0,2.82+2.82,0.24+0.24,0.10,0.01,2020
1,322,Hilton,Montpellier,29,2112,0,1,1.52+1.52,0.19-0.81,0.06,0.01,2020
2,323,Ryad Boudebouz,Saint-Etienne,14,642,0,1,1.93+1.93,2.46+1.46,0.27,0.34,2020
3,324,Casimir Ninga,Angers,1,19,0,0,0.00,0.00,0.00,0.00,2020
4,325,Jonas Martin,Rennes,12,475,0,0,0.00,0.10+0.10,0.00,0.02,2020
5,326,Sébastien Corchia,Nantes,25,2071,0,1,0.88+0.88,2.45+1.45,0.04,0.11,2020
6,327,Adama Soumaoro,Lille,3,140,0,0,0.06+0.06,0.00,0.04,0.00,2020
7,328,Djibril Sidibe,Monaco,30,1969,0,2,0.18+0.18,2.91+0.91,0.01,0.13,2020
8,329,Ibrahim Amadou,Angers,24,1524,0,0,1.31+1.31,0.21+0.21,0.08,0.01,2020
9,330,Pablo Martinez,Nimes,7,545,0,1,0.00,0.02-0.98,0.00,0.00,2020
0,331,Bouna Sarr,Marseille,2,70,0,0,0.02+0.02,0.00,0.02,0.00,2020
1,332,Yohann Pelé,Marseille,1,90,0,0,0.00,0.00,0.00,0.00,2020
2,333,Paul Nardi,Lorient,23,2070,0,0,0.00,0.07+0.07,0.00,0.00,2020
3,334,Matthieu Dreyer,Lorient,15,1350,0,0,0.00,0.00,0.00,0.00,2020
4,335,Benjamin Lecomte,Monaco,28,2520,0,0,0.00,0.00,0.00,0.00,2020
5,336,Vincent Le Goff,Lorient,26,2307,0,0,0.22+0.22,1.61+1.61,0.01,0.06,2020
6,337,Marcus Coco,Nantes,32,1470,0,2,0.86+0.86,0.97-1.03,0.05,0.06,2020
7,338,Vincent Manceau,Angers,27,2304,0,0,0.18+0.18,0.90+0.90,0.01,0.04,2020
8,339,Vincent Pajot,Metz,12,919,0,0,0.52+0.52,0.09+0.09,0.05,0.01,2020
9,340,Nolan Roux,Nimes,19,646,0,0,0.37+0.37,0.57+0.57,0.05,0.08,2020
0,341,Kévin Monnet-Paquet,Saint-Etienne,16,553,0,0,0.24+0.24,0.29+0.29,0.04,0.05,2020
1,342,Jessy Moulin,Saint-Etienne,29,2610,0,0,0.00,0.00,0.00,0.00,2020
2,343,Dennis Appiah,Nantes,22,1554,0,2,0.28+0.28,1.32-0.68,0.02,0.08,2020
3,344,Marco Verratti,Paris Saint Germain,21,1496,0,2,1.58+1.58,2.59+0.59,0.09,0.16,2020
4,345,Maxime Poundje,Bordeaux,14,475,0,0,0.02+0.02,0.09+0.09,0.00,0.02,2020
5,346,Dimitry Bertaud,Montpellier,9,742,0,0,0.00,0.00,0.00,0.00,2020
6,347,Presnel Kimpembe,Paris Saint Germain,28,2315,0,0,0.14+0.14,0.27+0.27,0.01,0.01,2020
7,348,Mexer,Bordeaux,9,719,0,0,0.05+0.05,0.16+0.16,0.01,0.02,2020
8,349,Kevin N'Doram,Metz,6,311,0,0,0.00,0.00,0.00,0.00,2020
9,350,Jonathan Delaplace,Lorient,18,892,0,1,0.21+0.21,2.05+1.05,0.02,0.21,2020
0,351,Wesley Lautoa,Dijon,25,1615,0,0,0.59+0.59,0.11+0.11,0.03,0.01,2020
1,352,Romain Del Castillo,Rennes,26,608,0,5,1.13+1.13,3.14-1.86,0.17,0.46,2020
2,353,Mike Maignan,Lille,38,3420,0,0,0.00,0.11+0.11,0.00,0.00,2020
3,354,Paul Lasne,Brest,22,1686,0,0,0.82+0.82,0.29+0.29,0.04,0.02,2020
4,355,Maxime Lopez,Marseille,4,135,0,0,0.00,0.07+0.07,0.00,0.05,2020
5,356,Anastasios Donis,Reims,3,94,0,0,0.02+0.02,0.00,0.02,0.00,2020
6,357,Mehdi Abeid,Nantes,18,1326,0,0,0.83+0.83,0.53+0.53,0.06,0.04,2020
7,358,Thierry Ambrose,Metz,23,720,0,1,0.96+0.96,1.48+0.48,0.12,0.19,2020
8,359,Rachid Alioui,Angers,1,13,0,0,0.00,0.00,0.00,0.00,2020
9,360,Marc-Aurele Caillard,Metz,5,361,0,0,0.00,0.00,0.00,0.00,2020
0,361,Abdou Diallo,Paris Saint Germain,22,1483,0,1,0.14+0.14,0.49-0.51,0.01,0.03,2020
1,362,Roli Pereira De Sa,Nantes,6,46,0,0,0.14+0.14,0.02+0.02,0.27,0.05,2020
2,363,Victorien Angban,Metz,26,1691,0,1,0.25+0.25,0.45-0.55,0.01,0.02,2020
3,364,Caio Henrique,Monaco,31,2374,0,4,0.51+0.51,3.85-0.15,0.02,0.15,2020
4,365,Baptiste Reynet,Nimes,38,3420,0,0,0.06+0.06,0.28+0.28,0.00,0.01,2020
5,366,Romain Amalfitano,Dijon,2,117,0,0,0.02+0.02,0.02+0.02,0.02,0.02,2020
6,367,Frederic Sammaritano,Dijon,30,1103,0,2,1.25+1.25,2.45+0.45,0.10,0.20,2020
7,368,Faitout Maouassa,Rennes,23,1171,0,1,0.89+0.89,0.79-0.21,0.07,0.06,2020
8,369,Patrick Burner,"Nice, Nimes",23,1298,0,0,0.23+0.23,0.37+0.37,0.02,0.03,2020
9,370,Walter Benítez,Nice,38,3420,0,0,0.00,0.00,0.00,0.00,2020
0,371,Baptiste Santamaria,Angers,3,270,0,0,0.06+0.06,0.18+0.18,0.02,0.06,2020
1,372,Keagan Dolly,Montpellier,18,424,0,0,0.12+0.12,0.15+0.15,0.03,0.03,2020
2,373,Eiji Kawashima,Strasbourg,24,2160,0,0,0.02+0.02,0.00,0.00,0.00,2020
3,374,Dalbert,Rennes,13,349,0,1,0.09+0.09,0.48-0.52,0.02,0.12,2020
4,375,Fernando Marçal,Lyon,1,80,0,0,0.00,0.00,0.00,0.00,2020
5,376,Jordan Marié,Dijon,24,1439,0,0,0.66+0.66,0.81+0.81,0.04,0.05,2020
6,377,Mateo Pavlovic,Angers,14,1104,0,1,0.26+0.26,0.71-0.29,0.02,0.06,2020
7,378,Abdoulaye Bamba,Angers,16,1356,0,0,0.06+0.06,1.14+1.14,0.00,0.08,2020
8,379,Hugo Magnetti,Brest,13,599,0,0,0.23+0.23,0.12+0.12,0.03,0.02,2020
9,380,Matthieu Udol,Metz,25,1718,0,3,0.67+0.67,2.43-0.57,0.04,0.13,2020
0,381,Sami Benamar,Nimes,1,6,0,0,0.00,0.00,0.00,0.00,2020
1,382,Youssef Maziz,Metz,11,250,0,0,0.21+0.21,0.22+0.22,0.08,0.08,2020
2,383,Romain Salin,Rennes,15,1350,0,0,0.00,0.00,0.00,0.00,2020
3,384,James Edward Lea Siliki,Rennes,7,252,0,0,0.23+0.23,0.04+0.04,0.08,0.01,2020
4,385,Clement Michelin,Lens,26,1139,0,4,0.38+0.38,3.58-0.42,0.03,0.28,2020
5,386,Boubacar Kamara,Marseille,35,2917,0,2,0.66+0.66,1.77-0.23,0.02,0.05,2020
6,387,Fode Toure,Monaco,24,629,0,3,0.17+0.17,0.83-2.17,0.02,0.12,2020
7,388,Mihailo Ristic,Montpellier,34,2241,0,2,0.59+0.59,2.05+0.05,0.02,0.08,2020
8,389,Kenny Tete,Lyon,1,18,0,0,0.00,0.00,0.00,0.00,2020
9,390,Bingourou Kamara,Strasbourg,8,720,0,0,0.00,0.00,0.00,0.00,2020
0,391,Idriss Saadi,Strasbourg,7,107,0,0,1.37+1.37,0.05+0.05,1.16,0.05,2020
1,392,Alexandre Oukidja,Metz,34,3060,0,0,0.00,0.02+0.02,0.00,0.00,2020
2,393,Rayan Souici,Saint-Etienne,1,4,0,0,0.00,0.00,0.00,0.00,2020
3,394,Hicham Mahou,Nice,2,28,0,0,0.00,0.02+0.02,0.00,0.05,2020
4,395,Christophe Herelle,Brest,16,1379,0,0,0.48+0.48,0.06+0.06,0.03,0.00,2020
5,396,Tristan Dingome,Reims,1,11,0,0,0.00,0.00,0.00,0.00,2020
6,397,Nicolas Cozza,Montpellier,20,1374,0,0,0.55+0.55,0.30+0.30,0.04,0.02,2020
7,398,Thiago Mendes,Lyon,32,2231,0,1,1.12+1.12,1.26+0.26,0.05,0.05,2020
8,399,Samuel Moutoussamy,Nantes,1,85,0,0,0.05+0.05,0.00,0.05,0.00,2020
9,400,Wilfried Kanga,Angers,2,138,0,0,0.29+0.29,0.00,0.19,0.00,2020
0,401,Racine Coly,Nice,1,15,0,0,0.00,0.00,0.00,0.00,2020
1,402,Ismail Aaneb,Strasbourg,2,6,0,0,0.00,0.00,0.00,0.00,2020
2,403,Boubakary Soumare,Lille,32,1913,0,1,0.14+0.14,0.62-0.38,0.01,0.03,2020
3,404,Joachim Andersen,Lyon,3,190,0,0,0.48+0.48,0.00,0.23,0.00,2020
4,405,Panagiotis Retsos,Saint-Etienne,4,276,0,0,0.02+0.02,0.08+0.08,0.01,0.03,2020
5,406,Lionel Carole,Strasbourg,27,1312,0,1,0.09+0.09,1.59+0.59,0.01,0.11,2020
6,407,Anthony Caci,Strasbourg,33,2819,0,2,0.28+0.28,2.25+0.25,0.01,0.07,2020
7,408,Stanley N'Soki,Nice,18,1243,0,0,0.48+0.48,0.17+0.17,0.03,0.01,2020
8,409,Steven Fortes,Lens,18,1442,0,0,0.34+0.34,0.10+0.10,0.02,0.01,2020
9,410,Andy Pelmard,Nice,19,1201,0,0,0.05+0.05,0.03+0.03,0.00,0.00,2020
0,411,Sebastien Cibois,Brest,3,270,0,0,0.00,0.00,0.00,0.00,2020
1,412,Rayan Ait Nouri,Angers,3,190,0,1,0.07+0.07,0.21-0.79,0.03,0.10,2020
2,413,Yehvann Diouf,Reims,2,134,0,0,0.00,0.00,0.00,0.00,2020
3,414,Anthony Racioppi,Dijon,21,1890,0,0,0.00,0.06+0.06,0.00,0.00,2020
4,415,Ibrahima Diallo,Brest,5,447,0,0,0.01+0.01,0.43+0.43,0.00,0.09,2020
5,416,Christopher Rocchia,Marseille,2,15,0,0,0.00,0.00,0.00,0.00,2020
6,417,Sofiane Alakouch,Nimes,22,1530,0,2,0.20+0.20,1.42-0.58,0.01,0.08,2020
7,418,Anthony Briancon,Nimes,16,1220,0,0,0.39+0.39,0.14+0.14,0.03,0.01,2020
8,419,Florian Miguel,Nimes,21,1535,0,0,1.28+1.28,0.06+0.06,0.07,0.00,2020
9,420,Umut Bozok,Lorient,5,52,0,0,0.00,0.00,0.00,0.00,2020
0,421,Clement Depres,Nimes,1,13,0,0,0.00,0.00,0.00,0.00,2020
1,422,Gaetan Paquiez,Nimes,16,1046,0,0,0.08+0.08,0.15+0.15,0.01,0.01,2020
2,423,Antonin Bobichon,Angers,23,908,0,1,0.91+0.91,1.43+0.43,0.09,0.14,2020
3,424,Yann Gboho,Rennes,10,290,0,0,0.67+0.67,0.20+0.20,0.21,0.06,2020
4,425,Edouard Mendy,Rennes,1,90,0,0,0.00,0.03+0.03,0.00,0.03,2020
5,426,Thomas Fontaine,Lorient,4,322,0,0,0.25+0.25,0.00,0.07,0.00,2020
6,427,Xavier Chavalerin,Reims,30,2557,0,3,1.03+1.03,2.42-0.58,0.04,0.09,2020
7,428,Cheick Traoré,Lens,2,37,0,0,0.00,0.00,0.00,0.00,2020
8,429,Matz Sels,Strasbourg,6,540,0,0,0.00,0.00,0.00,0.00,2020
9,430,Ibrahima Sissoko,Strasbourg,36,2587,0,0,1.24+1.24,0.33+0.33,0.04,0.01,2020
0,431,Georginio Rutter,Rennes,4,38,0,0,0.00,0.00,0.00,0.00,2020
1,432,Youssouf Fofana,Monaco,35,2902,0,3,1.63+1.63,1.89-1.11,0.05,0.06,2020
2,433,Farid El Melali,Angers,17,394,0,0,1.22+1.22,0.12+0.12,0.28,0.03,2020
3,434,Thomas Foket,Reims,37,3325,0,3,0.18+0.18,1.19-1.81,0.00,0.03,2020
4,435,Lucas Buades,Nimes,2,20,0,0,0.00,0.00,0.00,0.00,2020
5,436,Valon Berisha,Reims,24,1644,0,3,1.12+1.12,1.88-1.12,0.06,0.10,2020
6,437,Jonathan Gradit,Lens,33,2838,0,1,0.04+0.04,0.31-0.69,0.00,0.01,2020
7,438,Jonathan Panzo,Dijon,22,1811,0,0,0.16+0.16,0.00,0.01,0.00,2020
8,439,Giulian Biancone,Monaco,2,91,0,0,0.04+0.04,0.07+0.07,0.04,0.07,2020
9,440,Marvin Tshibuabua,Saint-Etienne,1,42,0,0,0.38+0.38,0.00,0.82,0.00,2020
0,441,Maxence Caqueret,Lyon,29,1769,0,1,0.49+0.49,1.55+0.55,0.02,0.08,2020
1,442,Eddy Sylvestre,Nice,4,97,0,0,0.00,0.00,0.00,0.00,2020
2,443,Souleyman Doumbia,Angers,27,2222,0,1,0.58+0.58,1.97+0.97,0.02,0.08,2020
3,444,Loic Bessile,Bordeaux,1,90,0,0,0.00,0.00,0.00,0.00,2020
4,445,Reinildo,Lille,29,2181,0,0,0.10+0.10,1.49+1.49,0.00,0.06,2020
5,446,Sacha Boey,"Dijon, Rennes",26,1993,0,1,0.33+0.33,2.41+1.41,0.01,0.11,2020
6,447,Kelyan Guessoum,Nimes,15,1129,0,0,0.37+0.37,0.13+0.13,0.03,0.01,2020
7,448,Yassin Benrahou,Nimes,23,1251,0,0,0.81+0.81,2.85+2.85,0.06,0.20,2020
8,449,Bilal Benkhedim,Saint-Etienne,3,72,0,0,0.00,0.05+0.05,0.00,0.06,2020
9,450,Arthur Zagre,Dijon,3,118,0,0,0.00,0.00,0.00,0.00,2020
0,451,Wesley Fofana,Saint-Etienne,4,312,0,0,0.02+0.02,0.02+0.02,0.01,0.01,2020
1,452,Jean Lucas,"Brest, Lyon",24,1167,0,2,1.26+1.26,0.96-1.04,0.10,0.07,2020
2,453,Isaac Lihadji,Lille,15,175,0,1,0.40+0.40,0.62-0.38,0.21,0.32,2020
3,454,Predrag Rajkovic,Reims,37,3286,0,0,0.00,0.02+0.02,0.00,0.00,2020
4,455,Gautier Larsonneur,Brest,35,3150,0,0,0.00,0.00,0.00,0.00,2020
5,456,Julien Faussurier,Brest,17,949,0,3,0.25+0.25,2.23-0.77,0.02,0.21,2020
6,457,Haris Belkebla,Brest,35,2753,0,0,0.13+0.13,0.47+0.47,0.00,0.02,2020
7,458,Cristian Battocchio,Brest,15,335,0,0,0.34+0.34,0.34+0.34,0.09,0.09,2020
8,459,Joris Chotard,Montpellier,29,1149,0,0,0.77+0.77,0.49+0.49,0.06,0.04,2020
9,460,Loris Benito,Bordeaux,31,2658,0,0,0.40+0.40,1.10+1.10,0.01,0.04,2020
0,461,Rayan Philippe,Dijon,4,89,0,0,0.38+0.38,0.00,0.38,0.00,2020
1,462,Miguel Trauco,Saint-Etienne,26,2032,0,2,0.12+0.12,3.35+1.35,0.01,0.15,2020
2,463,Tiago Djaló,Lille,17,864,0,0,0.03+0.03,0.16+0.16,0.00,0.02,2020
3,464,Mamadou Fofana,Metz,16,1064,0,0,0.55+0.55,0.01+0.01,0.05,0.00,2020
4,465,Marcin Bulka,Paris Saint Germain,1,90,0,0,0.00,0.00,0.00,0.00,2020
5,466,Haris Duljevic,Nimes,20,760,0,2,0.76+0.76,1.40-0.60,0.09,0.17,2020
6,467,Henry Onyekuru,Monaco,4,138,0,1,0.34+0.34,0.44-0.56,0.22,0.29,2020
7,468,Sidy Sarr,Nimes,9,471,0,0,0.23+0.23,0.46+0.46,0.04,0.09,2020
8,469,Dario Maresic,Reims,8,506,0,0,0.00,0.02+0.02,0.00,0.00,2020
9,470,Evann Guessand,Nice,3,23,0,0,0.04+0.04,0.00,0.14,0.00,2020
0,471,Mounir Chouiar,Dijon,23,1299,0,2,2.04+2.04,2.21+0.21,0.14,0.15,2020
1,472,Antoine Valerio,Nimes,1,71,0,0,0.00,0.12+0.12,0.00,0.16,2020
2,473,Marley Aké,Marseille,9,120,0,0,1.19+1.19,0.00,0.90,0.00,2020
3,474,Stefan Bajic,Saint-Etienne,1,90,0,0,0.00,0.00,0.00,0.00,2020
4,475,Clement Vidal,Montpellier,2,85,0,0,0.00,0.00,0.00,0.00,2020
5,476,Hianga'a M'Bock,Brest,12,439,0,0,0.14+0.14,0.12+0.12,0.03,0.02,2020
6,477,Ahmad Toure Ngouyamsa Nounchili,Dijon,3,158,0,0,0.00,0.00,0.00,0.00,2020
7,478,Zinédine Ould Khaled,Angers,3,27,0,0,0.00,0.00,0.00,0.00,2020
8,479,Nelson Sissoko,Saint-Etienne,9,471,0,0,0.01+0.01,0.08+0.08,0.00,0.02,2020
9,480,Melvin Bard,Lyon,14,415,0,0,0.08+0.08,0.42+0.42,0.02,0.09,2020
0,481,Mihai-Alexandru Dobre,Dijon,22,503,0,0,0.38+0.38,0.22+0.22,0.07,0.04,2020
1,482,Bridge Ndilu,Nantes,6,32,0,0,0.13+0.13,0.15+0.15,0.36,0.43,2020
2,483,Moise Sakava,Reims,1,5,0,0,0.03+0.03,0.00,0.49,0.00,2020
3,484,Maxence Rivera,Saint-Etienne,17,209,0,0,0.09+0.09,0.03+0.03,0.04,0.01,2020
4,485,Yun Il-Lok,Montpellier,12,298,0,0,0.49+0.49,0.41+0.41,0.15,0.12,2020
5,486,Batista Mendy,Nantes,2,69,0,0,0.00,0.00,0.00,0.00,2020
6,487,Mitchel Bakker,Paris Saint Germain,26,1683,0,2,0.33+0.33,2.31+0.31,0.02,0.12,2020
7,488,Kaj Sierhuis,Reims,24,619,0,1,1.14+1.14,0.41-0.59,0.17,0.06,2020
8,489,Alexis Trouillet,Nice,5,97,0,0,0.08+0.08,0.08+0.08,0.07,0.07,2020
9,490,Lucas Gourna Douath,Saint-Etienne,30,1306,0,0,0.32+0.32,0.06+0.06,0.02,0.00,2020
0,491,Enzo Ebosse,Angers,6,254,0,0,0.00,0.54+0.54,0.00,0.19,2020
1,492,Waniss Taibi,Angers,2,31,0,0,0.00,0.02+0.02,0.00,0.05,2020
2,493,Sven Botman,Lille,37,3311,0,0,0.81+0.81,0.25+0.25,0.02,0.01,2020
3,494,Brandon Soppy,Rennes,10,554,0,0,0.18+0.18,0.15+0.15,0.03,0.02,2020
4,495,Radoslaw Majecki,Monaco,1,90,0,0,0.00,0.00,0.00,0.00,2020
5,496,Strahinja Pavlovic,Monaco,1,1,0,0,0.00,0.00,0.00,0.00,2020
6,497,Chrislain Matsima,Monaco,9,344,0,0,0.10+0.10,0.31+0.31,0.03,0.08,2020
7,498,Enzo Millot,Monaco,2,36,0,0,0.15+0.15,0.03+0.03,0.39,0.07,2020
8,499,Thibault De Smet,Reims,8,500,0,0,0.00,0.18+0.18,0.00,0.03,2020
9,500,Fraser Hornby,Reims,3,27,0,0,0.20+0.20,0.00,0.66,0.00,2020
0,501,Houboulang Mendes,Lorient,17,1311,0,0,0.10+0.10,0.23+0.23,0.01,0.02,2020
1,502,Julien Laporte,Lorient,30,2663,0,0,0.59+0.59,0.21+0.21,0.02,0.01,2020
2,503,Enzo Le Fée,Lorient,36,1816,0,5,0.99+0.99,5.62+0.62,0.05,0.28,2020
3,504,Stéphane Diarra,Lorient,13,181,0,0,0.08+0.08,0.25+0.25,0.04,0.12,2020
4,505,Franklin Wadja,Lorient,4,25,0,0,0.01+0.01,0.00,0.03,0.00,2020
5,506,Heriberto Tavares,Brest,4,32,0,0,0.30+0.30,0.03+0.03,0.83,0.09,2020
6,507,Robson Bambu,Nice,15,1046,0,0,0.06+0.06,0.00,0.01,0.00,2020
7,508,Loic Bade,Lens,31,2610,0,0,0.75+0.75,0.38+0.38,0.03,0.01,2020
8,509,Ismael Boura,Lens,19,807,0,0,0.10+0.10,0.50+0.50,0.01,0.06,2020
9,510,Tony Mauricio,Lens,26,446,0,4,0.45+0.45,1.80-2.20,0.09,0.36,2020
0,511,Manuel Perez,Lens,4,116,0,0,0.05+0.05,0.00,0.04,0.00,2020
1,512,Wuilker Fariñez,Lens,3,102,0,0,0.00,0.00,0.00,0.00,2020
2,513,Aníbal Chalá,Dijon,13,739,0,0,0.00,0.17+0.17,0.00,0.02,2020
3,514,Jonas Omlin,Montpellier,31,2676,0,0,0.00,0.00,0.00,0.00,2020
4,515,Samy Benchama,Montpellier,5,31,0,0,0.00,0.00,0.00,0.00,2020
5,516,Salim Ben Seghir,Nice,1,4,0,0,0.00,0.00,0.00,0.00,2020
6,517,Fodé Doucouré,Reims,7,325,0,0,0.41+0.41,0.62+0.62,0.11,0.17,2020
7,518,Mohamed Ali-Cho,Angers,21,302,0,0,1.62+1.62,0.09+0.09,0.48,0.03,2020
8,519,Cheick Tidiane Sabaly,Metz,1,9,0,0,0.03+0.03,0.00,0.26,0.00,2020
9,520,Warren Tchimbembé,Metz,15,496,0,0,0.31+0.31,0.09+0.09,0.06,0.02,2020
0,521,Jean-Phillipe Krasso,Saint-Etienne,6,214,0,0,0.23+0.23,0.09+0.09,0.10,0.04,2020
1,522,Saidou Sow,Saint-Etienne,15,996,0,0,0.44+0.44,0.11+0.11,0.04,0.01,2020
2,523,Kays Ruiz-Atil,Paris Saint Germain,7,174,0,0,0.05+0.05,0.00,0.03,0.00,2020
3,524,Bandiougou Fadiga,"Brest, Paris Saint Germain",10,90,0,0,0.03+0.03,0.08+0.08,0.03,0.08,2020
4,525,Xavi Simons,Paris Saint Germain,1,1,0,0,0.04+0.04,0.00,3.43,0.00,2020
5,526,Sinaly Diomande,Lyon,27,1108,0,0,0.84+0.84,0.15+0.15,0.07,0.01,2020
6,527,Aïmen Moueffek,Saint-Etienne,19,719,0,0,0.08+0.08,0.31+0.31,0.01,0.04,2020
7,528,Wilitty Younoussa,Dijon,3,73,0,0,0.02+0.02,0.37+0.37,0.03,0.46,2020
8,529,Marco Ludivin Majouga,Nimes,7,85,0,0,0.14+0.14,0.41+0.41,0.15,0.44,2020
9,530,Nassim Chadli,Nimes,3,28,0,0,0.00,0.00,0.00,0.00,2020
0,531,Abdoulaye Sidibé,Saint-Etienne,1,8,0,0,0.00,0.00,0.00,0.00,2020
1,532,Tyrone Tormin,Saint-Etienne,3,16,0,0,0.00,0.00,0.00,0.00,2020
2,533,Dilane Bakwa,Bordeaux,7,41,0,0,0.15+0.15,0.03+0.03,0.32,0.05,2020
3,534,Florentino Luís,Monaco,9,232,0,0,0.02+0.02,0.14+0.14,0.01,0.05,2020
4,535,Saturnin Allagbe,Dijon,12,1080,0,0,0.00,0.00,0.00,0.00,2020
5,536,Luis Henrique,Marseille,19,655,0,5,0.20+0.20,2.35-2.65,0.03,0.32,2020
6,537,Karim Aribi,Nimes,13,269,0,0,0.70+0.70,0.11+0.11,0.24,0.04,2020
7,538,Hugo Ekitike,Reims,2,85,0,0,0.22+0.22,0.09+0.09,0.24,0.10,2020
8,539,Mouhamadou Drammeh,Reims,6,161,0,0,0.01+0.01,0.04+0.04,0.01,0.02,2020
9,540,Djamel Benlamri,Lyon,6,140,0,0,0.00,0.02+0.02,0.00,0.01,2020
0,541,Malo Gusto,Lyon,2,2,0,0,0.00,0.00,0.00,0.00,2020
1,542,Aleksandar Radovanovic,Lens,1,90,0,0,0.00,0.00,0.00,0.00,2020
2,543,Mahamé Siby,Strasbourg,7,16,0,0,0.00,0.00,0.00,0.00,2020
3,544,Amadou Traoré,Bordeaux,19,257,0,1,0.26+0.26,0.79-0.21,0.09,0.28,2020
4,545,Yaya Soumare,Lyon,3,3,0,0,0.00,0.00,0.00,0.00,2020
5,546,Loris Mouyokolo,Lorient,1,18,0,0,0.00,0.00,0.00,0.00,2020
6,547,Adilson Malanda,Nimes,1,16,0,0,0.00,0.00,0.00,0.00,2020
7,548,Tom Lacoux,Bordeaux,13,520,0,0,0.08+0.08,0.00,0.01,0.00,2020
8,549,Baptiste Gabard,Saint-Etienne,2,135,0,0,0.00,0.05+0.05,0.00,0.03,2020
9,550,Florent da Silva,Lyon,1,2,0,0,0.00,0.00,0.00,0.00,2020
0,551,Cheick Souaré,Marseille,1,6,0,0,0.00,0.00,0.00,0.00,2020
1,552,Yoann Etienne,Lorient,1,90,0,0,0.00,0.03+0.03,0.00,0.03,2020
2,553,Etienne Green,Saint-Etienne,8,720,0,0,0.00,0.00,0.00,0.00,2020
3,554,Pape Abou Cissé,Saint-Etienne,14,1260,0,0,0.84+0.84,0.05+0.05,0.06,0.00,2020
4,555,Naomichi Ueda,Nimes,9,711,0,0,0.14+0.14,0.31+0.31,0.02,0.04,2020
5,556,Edouard Michut,Paris Saint Germain,1,1,0,0,0.00,0.00,0.00,0.00,2020
6,557,Ahmadou Bamba Dieng,Marseille,5,125,0,0,0.15+0.15,0.00,0.11,0.00,2020
7,558,Abdoulaye Sylla,Nantes,2,7,0,0,0.00,0.00,0.00,0.00,2020
8,559,Noah Fatar,Angers,2,16,0,0,0.00,0.00,0.00,0.00,2020
9,560,Dion Lopy,Reims,4,259,0,0,0.10+0.10,0.04+0.04,0.04,0.01,2020
0,561,Chimuanya Ugochukwu,Rennes,3,70,0,0,0.15+0.15,0.00,0.19,0.00,2020
1,562,Kenny Nagera,Paris Saint Germain,1,1,0,0,0.00,0.00,0.00,0.00,2020
2,563,Ansou Sow,Lens,1,5,0,0,0.00,0.00,0.00,0.00,2020
3,564,Adrien Louveau,Lens,1,5,0,0,0.00,0.00,0.00,0.00,2020
4,565,Jacques Siwe,Dijon,5,166,0,0,0.31+0.31,0.09+0.09,0.17,0.05,2020
5,566,Yassin Fortuné,Angers,1,12,0,0,0.00,0.00,0.00,0.00,2020
6,567,Matthis Abline,Rennes,1,1,0,0,0.00,0.00,0.00,0.00,2020
7,568,Habib Keita,Lyon,1,4,0,0,0.46+0.46,0.00,10.37,0.00,2020
8,569,Mahamadou Doucouré,Nimes,3,40,0,0,0.00,0.00,0.00,0.00,2020
9,570,Andy Diouf,Rennes,1,5,0,0,0.00,0.00,0.00,0.00,2020
0,1,Dimitri Payet,Marseille,5,450,5,1,2.24-2.76,1.76+0.76,0.45,0.35,2021
1,2,Kylian Mbappe-Lottin,Paris Saint Germain,8,702,5,3,5.06+0.06,3.18+0.18,0.65,0.41,2021
2,3,Gaetan Laborde,"Montpellier, Rennes",8,686,5,0,4.37-0.63,1.12+1.12,0.57,0.15,2021
3,4,Amine Gouiri,Nice,7,605,5,2,6.26+1.26,1.94-0.06,0.93,0.29,2021
4,5,Wissam Ben Yedder,Monaco,8,491,4,1,3.30-0.70,0.71-0.29,0.61,0.13,2021
5,6,Ludovic Blas,Nantes,8,698,4,0,3.24-0.76,0.70+0.70,0.42,0.09,2021
6,7,Andy Delort,"Montpellier, Nice",7,538,4,2,4.15+0.15,2.47+0.47,0.69,0.41,2021
7,8,Moussa Dembele,Lyon,6,466,4,1,3.27-0.73,1.13+0.13,0.63,0.22,2021
8,9,Lucas Paquetá,Lyon,8,526,4,0,2.69-1.31,0.64+0.64,0.46,0.11,2021
9,10,Jonathan Christian David,Lille,8,544,4,0,3.94-0.06,0.66+0.66,0.65,0.11,2021
0,11,Mohamed Bayo,Clermont Foot,7,552,4,2,3.71-0.29,1.55-0.45,0.60,0.25,2021
1,12,Elbasan Rashani,Clermont Foot,8,385,4,1,1.32-2.68,1.30+0.30,0.31,0.30,2021
2,13,Ander Herrera,Paris Saint Germain,8,587,3,2,0.81-2.19,0.85-1.15,0.12,0.13,2021
3,14,Idrissa Gueye,Paris Saint Germain,5,426,3,0,0.41-2.59,1.00+1.00,0.09,0.21,2021
4,15,Wahbi Khazri,Saint-Etienne,8,643,3,0,1.57-1.43,1.64+1.64,0.22,0.23,2021
5,16,Seko Fofana,Lens,8,720,3,0,2.32-0.68,0.40+0.40,0.29,0.05,2021
6,17,Mauro Icardi,Paris Saint Germain,7,371,3,0,2.33-0.67,0.30+0.30,0.57,0.07,2021
7,18,Valère Germain,Montpellier,4,352,3,0,1.83-1.17,0.20+0.20,0.47,0.05,2021
8,19,Achraf Hakimi,Paris Saint Germain,8,625,3,2,0.79-2.21,2.49+0.49,0.11,0.36,2021
9,20,Habib Diallo,Strasbourg,8,377,3,0,2.55-0.45,0.61+0.61,0.61,0.15,2021
0,21,Cengiz Ünder,Marseille,7,522,3,0,1.70-1.30,1.36+1.36,0.29,0.23,2021
1,22,Armand Lauriente,Lorient,8,602,3,0,1.32-1.68,0.54+0.54,0.20,0.08,2021
2,23,Sofiane Diop,Monaco,8,551,3,0,1.80-1.20,0.31+0.31,0.29,0.05,2021
3,24,Ludovic Ajorque,Strasbourg,8,646,3,4,2.98-0.02,2.11-1.89,0.42,0.29,2021
4,25,Hwang Ui-Jo,Bordeaux,7,604,3,1,2.41-0.59,0.23-0.77,0.36,0.03,2021
5,26,Fabien Centonze,Metz,7,630,3,0,0.25-2.75,0.16+0.16,0.04,0.02,2021
6,27,Kasper Dolberg,Nice,4,199,3,0,1.94-1.06,0.02+0.02,0.88,0.01,2021
7,28,Burak Yilmaz,Lille,7,630,3,2,4.23+1.23,1.10-0.90,0.60,0.16,2021
8,29,Hugo Ekitike,Reims,8,320,3,1,1.33-1.67,0.47-0.53,0.37,0.13,2021
9,30,Ahmadou Bamba Dieng,Marseille,5,303,3,0,2.60-0.40,0.00,0.77,0.00,2021
0,31,Kamaldeen Sulemana,Rennes,8,438,3,0,1.10-1.90,1.16+1.16,0.23,0.24,2021
1,32,Kevin Volland,Monaco,7,439,2,1,0.88-1.12,0.62-0.38,0.18,0.13,2021
2,33,Julian Draxler,Paris Saint Germain,7,273,2,2,1.62-0.38,0.72-1.28,0.53,0.24,2021
3,34,Sofiane Boufal,Angers,7,485,2,0,1.33-0.67,1.10+1.10,0.25,0.21,2021
4,35,Florian Sotoca,Lens,8,561,2,2,3.77+1.77,1.47-0.53,0.60,0.24,2021
5,36,Ismael Traoré,Angers,8,720,2,0,1.38-0.62,0.12+0.12,0.17,0.01,2021
6,37,Thomas Mangani,Angers,8,570,2,2,1.65-0.35,0.74-1.26,0.26,0.12,2021
7,38,Adrien Thomasson,Strasbourg,8,595,2,1,1.76-0.24,1.20+0.20,0.27,0.18,2021
8,39,Denis Bouanga,Saint-Etienne,8,610,2,0,1.72-0.28,0.68+0.68,0.25,0.10,2021
9,40,Yoann Touzghar,Troyes,8,561,2,0,2.17+0.17,0.24+0.24,0.35,0.04,2021
0,41,Martin Terrier,Rennes,7,469,2,0,1.56-0.44,1.48+1.48,0.30,0.28,2021
1,42,Irvin Cardona,Brest,8,540,2,0,0.57-1.43,0.06+0.06,0.10,0.01,2021
2,43,Randal Kolo Muani,Nantes,7,522,2,1,2.20+0.20,1.53+0.53,0.38,0.26,2021
3,44,Thomas Monconduit,Lorient,8,457,2,0,0.25-1.75,0.30+0.30,0.05,0.06,2021
4,45,Ignatius Ganago,Lens,5,364,2,0,0.68-1.32,0.18+0.18,0.17,0.04,2021
5,46,Romain Faivre,Brest,7,612,2,3,2.14+0.14,1.34-1.66,0.31,0.20,2021
6,47,Téji Savanier,Montpellier,7,630,2,3,1.06-0.94,1.17-1.83,0.15,0.17,2021
7,48,Xavier Chavalerin,"Reims, Troyes",7,578,2,1,0.79-1.21,0.61-0.39,0.12,0.10,2021
8,49,Stephy Mavididi,Montpellier,7,543,2,2,1.04-0.96,1.45-0.55,0.17,0.24,2021
9,50,Moreto Cassamã,Reims,5,202,2,0,0.52-1.48,0.00,0.23,0.00,2021
0,51,Hichem Boudaoui,Nice,6,378,2,1,0.51-1.49,0.70-0.30,0.12,0.17,2021
1,52,Jean Onana,Bordeaux,3,226,2,0,0.57-1.43,0.21+0.21,0.23,0.08,2021
2,53,Jeremy Le Douaron,Brest,8,140,2,0,0.70-1.30,0.08+0.08,0.45,0.05,2021
3,54,Terem Igobor Moffi,Lorient,8,675,2,2,2.36+0.36,0.47-1.53,0.32,0.06,2021
4,55,Przemyslaw Frankowski,Lens,8,511,2,3,0.22-1.78,1.40-1.60,0.04,0.25,2021
5,56,Xherdan Shaqiri,Lyon,4,297,1,1,0.43-0.57,1.16+0.16,0.13,0.35,2021
6,57,Pedro Chirivella,Nantes,7,621,1,1,0.07-0.93,0.28-0.72,0.01,0.04,2021
7,58,Jason Denayer,Lyon,6,299,1,0,0.44-0.56,0.00,0.13,0.00,2021
8,59,Emerson,Lyon,6,464,1,0,0.11-0.89,0.45+0.45,0.02,0.09,2021
9,60,Gerson,Marseille,7,432,1,1,1.22+0.22,0.71-0.29,0.25,0.15,2021
0,61,Islam Slimani,Lyon,6,302,1,1,0.72-0.28,0.76-0.24,0.21,0.23,2021
1,62,Sanjin Prcic,Strasbourg,6,409,1,0,0.16-0.84,0.17+0.17,0.03,0.04,2021
2,63,Timothée Kolodziejczak,Saint-Etienne,7,609,1,1,0.50-0.50,0.42-0.58,0.07,0.06,2021
3,64,Neymar,Paris Saint Germain,4,337,1,2,1.69+0.69,1.42-0.58,0.45,0.38,2021
4,65,Pablo Sarabia,Paris Saint Germain,2,19,1,0,0.77-0.23,0.00,3.65,0.00,2021
5,66,Kevin Gameiro,Strasbourg,8,516,1,0,2.04+1.04,0.21+0.21,0.36,0.04,2021
6,67,Gaël Kakuta,Lens,7,515,1,0,0.83-0.17,0.86+0.86,0.14,0.15,2021
7,68,Aleksandr Golovin,Monaco,6,313,1,0,1.04+0.04,0.59+0.59,0.30,0.17,2021
8,69,Benjamin André,Lille,8,720,1,0,0.55-0.45,0.51+0.51,0.07,0.06,2021
9,70,Nicolas de Preville,Metz,4,197,1,0,0.26-0.74,0.00,0.12,0.00,2021
0,71,Franck Honorat,Brest,8,682,1,1,1.19+0.19,2.63+1.63,0.16,0.35,2021
1,72,Jonas Martin,Rennes,2,150,1,0,0.10-0.90,0.11+0.11,0.06,0.07,2021
2,73,Vincent Le Goff,Lorient,8,720,1,0,0.27-0.73,0.25+0.25,0.03,0.03,2021
3,74,Romain Thomas,Angers,8,720,1,0,0.44-0.56,0.07+0.07,0.06,0.01,2021
4,75,Ángel Di María,Paris Saint Germain,5,289,1,2,0.74-0.26,1.05-0.95,0.23,0.33,2021
5,76,Mexer,Bordeaux,7,509,1,0,0.05-0.95,0.00,0.01,0.00,2021
6,77,Sehrou Guirassy,Rennes,8,344,1,0,1.99+0.99,0.12+0.12,0.52,0.03,2021
7,78,Wesley Said,Lens,4,115,1,0,2.11+1.11,0.63+0.63,1.65,0.49,2021
8,79,Steve Mounie,Brest,6,474,1,1,2.57+1.57,0.58-0.42,0.49,0.11,2021
9,80,Flavien Tait,Rennes,8,689,1,1,0.80-0.20,0.87-0.13,0.10,0.11,2021
0,81,Karl Toko Ekambi,Lyon,8,596,1,2,1.56+0.56,1.06-0.94,0.24,0.16,2021
1,82,Jonathan Ikone,Lille,8,418,1,0,0.75-0.25,0.97+0.97,0.16,0.21,2021
2,83,Florent Mollet,Montpellier,7,508,1,1,0.81-0.19,0.50-0.50,0.14,0.09,2021
3,84,Digbo Maiga,Metz,8,623,1,0,0.47-0.53,0.49+0.49,0.07,0.07,2021
4,85,Amine Harit,Marseille,4,212,1,1,0.30-0.70,0.32-0.68,0.13,0.14,2021
5,86,Matthieu Udol,Metz,8,720,1,0,0.64-0.36,0.09+0.09,0.08,0.01,2021
6,87,Matteo Guendouzi,Marseille,7,511,1,1,0.37-0.63,0.71-0.29,0.06,0.12,2021
7,88,Oualid El Hajjam,Troyes,8,493,1,0,0.04-0.96,0.68+0.68,0.01,0.12,2021
8,89,Stéphane Bahoken,Angers,8,167,1,0,0.89-0.11,0.02+0.02,0.48,0.01,2021
9,90,Ibrahima Niane,Metz,8,637,1,1,2.04+1.04,1.58+0.58,0.29,0.22,2021
0,91,Nicolas Cozza,Montpellier,8,646,1,1,0.64-0.36,0.14-0.86,0.09,0.02,2021
1,92,Andrei Girotto,Nantes,8,670,1,0,0.42-0.58,0.27+0.27,0.06,0.04,2021
2,93,Remi Oudin,Bordeaux,8,381,1,1,0.35-0.65,0.50-0.50,0.08,0.12,2021
3,94,Ibrahima Sissoko,Strasbourg,5,308,1,0,0.16-0.84,0.07+0.07,0.05,0.02,2021
4,95,Samuel Kalu,Bordeaux,6,204,1,0,0.89-0.11,0.00,0.39,0.00,2021
5,96,Justin Kluivert,Nice,4,217,1,1,0.81-0.19,0.42-0.58,0.34,0.17,2021
6,97,Gelson Martins,Monaco,7,448,1,1,1.75+0.75,0.79-0.21,0.35,0.16,2021
7,98,Thomas Foket,Reims,8,660,1,0,0.26-0.74,0.55+0.55,0.04,0.07,2021
8,99,Moses Simon,Nantes,8,649,1,5,2.08+1.08,3.56-1.44,0.29,0.49,2021
9,100,Kephren Thuram,Nice,7,272,1,1,0.09-0.91,1.27+0.27,0.03,0.42,2021
0,101,Jean-Charles Castelletto,Nantes,7,630,1,0,0.50-0.50,0.02+0.02,0.07,0.00,2021
1,102,Brendan Chardonnet,Brest,7,630,1,0,0.68-0.32,0.02+0.02,0.10,0.00,2021
2,103,Mama Baldé,Troyes,7,385,1,1,1.73+0.73,0.52-0.48,0.40,0.12,2021
3,104,Yusuf Yazici,Lille,8,343,1,1,0.25-0.75,1.40+0.40,0.07,0.37,2021
4,105,Marshall Munetsi,Reims,8,633,1,0,0.92-0.08,0.02+0.02,0.13,0.00,2021
5,106,Azz-Eddine Ounahi,Angers,7,253,1,0,0.28-0.72,0.17+0.17,0.10,0.06,2021
6,107,Sven Botman,Lille,8,720,1,0,1.17+0.17,0.02+0.02,0.15,0.00,2021
7,108,Facundo Medina,Lens,7,630,1,0,1.46+0.46,0.03+0.03,0.21,0.00,2021
8,109,Simon Banza,Lens,4,117,1,1,1.07+0.07,0.46-0.54,0.82,0.36,2021
9,110,Mohamed Ali-Cho,Angers,8,607,1,0,2.85+1.85,0.23+0.23,0.42,0.03,2021
0,111,Kiki Kouyate,Metz,7,598,1,0,0.17-0.83,0.00,0.03,0.00,2021
1,112,Saidou Sow,Saint-Etienne,6,407,1,0,0.14-0.86,0.03+0.03,0.03,0.01,2021
2,113,Jonathan Clauss,Lens,8,636,1,3,0.15-0.85,1.99-1.01,0.02,0.28,2021
3,114,Timothee Pembele,Bordeaux,7,463,1,0,0.61-0.39,1.35+1.35,0.12,0.26,2021
4,115,Sékou Mara,Bordeaux,8,265,1,0,1.00,0.00,0.34,0.00,2021
5,116,Alexis Flips,Reims,3,77,1,2,0.77-0.23,0.97-1.03,0.90,1.13,2021
6,117,Jodel Dossou,Clermont Foot,8,589,1,0,2.26+1.26,0.81+0.81,0.35,0.12,2021
7,118,Ilan Kebbal,Reims,8,520,1,3,0.51-0.49,1.24-1.76,0.09,0.21,2021
8,119,Ricardo Mangas,Bordeaux,7,630,1,1,0.39-0.61,0.09-0.91,0.06,0.01,2021
9,120,Calvin Stengs,Nice,5,358,1,0,1.20+0.20,0.49+0.49,0.30,0.12,2021
0,121,N'Dri Koffi,Reims,4,151,1,0,0.41-0.59,0.15+0.15,0.24,0.09,2021
1,122,Gerson Rodrigues,Troyes,4,271,1,0,0.42-0.58,0.08+0.08,0.14,0.03,2021
2,123,Marcelo,Lyon,2,180,0,0,0.07+0.07,0.00,0.03,0.00,2021
3,124,Dante,Nice,7,630,0,0,0.15+0.15,0.00,0.02,0.00,2021
4,125,Jérôme Boateng,Lyon,3,171,0,0,0.04+0.04,0.00,0.02,0.00,2021
5,126,Mamadou Sakho,Montpellier,4,356,0,0,0.00,0.00,0.00,0.00,2021
6,127,Laurent Koscielny,Bordeaux,5,440,0,1,0.00,0.16-0.84,0.00,0.03,2021
7,128,Morgan Schneiderlin,Nice,1,6,0,0,0.00,0.00,0.00,0.00,2021
8,129,Cesc Fàbregas,Monaco,2,31,0,0,0.00,0.08+0.08,0.00,0.22,2021
9,130,Georginio Wijnaldum,Paris Saint Germain,7,410,0,0,0.62+0.62,0.39+0.39,0.14,0.08,2021
0,131,José Fonte,Lille,8,720,0,1,0.18+0.18,0.14-0.86,0.02,0.02,2021
1,132,Patrick Roberts,Troyes,1,11,0,0,0.10+0.10,0.00,0.78,0.00,2021
2,133,Massadio Haidara,Lens,2,13,0,0,0.00,0.00,0.00,0.00,2021
3,134,Jordan Amavi,Marseille,1,60,0,0,0.00,0.00,0.00,0.00,2021
4,135,Gianluigi Donnarumma,Paris Saint Germain,2,180,0,0,0.00,0.00,0.00,0.00,2021
5,136,Leandro Paredes,Paris Saint Germain,2,104,0,0,0.00,0.00,0.00,0.00,2021
6,137,Mario Lemina,Nice,6,435,0,0,0.44+0.44,0.16+0.16,0.09,0.03,2021
7,138,Assane Diousse,Saint-Etienne,1,8,0,0,0.00,0.00,0.00,0.00,2021
8,139,Alfred Gomis,Rennes,7,630,0,0,0.00,0.00,0.00,0.00,2021
9,140,Pol Lirola,Marseille,5,262,0,1,0.06+0.06,0.80-0.20,0.02,0.28,2021
0,141,Steve Mandanda,Marseille,3,270,0,0,0.00,0.05+0.05,0.00,0.02,2021
1,142,Fabio,Nantes,5,378,0,0,0.18+0.18,0.07+0.07,0.04,0.02,2021
2,143,Lionel Messi,Paris Saint Germain,2,102,0,0,0.51+0.51,0.10+0.10,0.45,0.09,2021
3,144,Rafinha,Paris Saint Germain,4,157,0,0,0.05+0.05,0.06+0.06,0.03,0.04,2021
4,145,Pau López,Marseille,4,360,0,0,0.00,0.00,0.00,0.00,2021
5,146,Rubén Pardo,Bordeaux,1,2,0,0,0.00,0.00,0.00,0.00,2021
6,147,Keylor Navas,Paris Saint Germain,6,540,0,0,0.00,0.00,0.00,0.00,2021
7,148,Álvaro González,Marseille,2,91,0,0,0.05+0.05,0.00,0.05,0.00,2021
8,149,Alexander Nübel,Monaco,8,720,0,0,0.00,0.00,0.00,0.00,2021
9,150,Thilo Kehrer,Paris Saint Germain,6,466,0,0,0.02+0.02,0.00,0.00,0.00,2021
0,151,Alban Lafont,Nantes,8,720,0,0,0.00,0.00,0.00,0.00,2021
1,152,Benoit Costil,Bordeaux,8,720,0,0,0.00,0.00,0.00,0.00,2021
2,153,Hamari Traore,Rennes,7,618,0,1,0.43+0.43,0.96-0.04,0.06,0.14,2021
3,154,Paul Bernardoni,Angers,8,720,0,0,0.00,0.00,0.00,0.00,2021
4,155,Frederic Guilbert,Strasbourg,4,263,0,0,0.00,0.26+0.26,0.00,0.09,2021
5,156,Anthony Lopes,Lyon,8,720,0,0,0.00,0.00,0.00,0.00,2021
6,157,Jérémy Morel,Lorient,2,180,0,0,0.00,0.00,0.00,0.00,2021
7,158,Jordan Ferri,Montpellier,8,702,0,0,0.03+0.03,0.25+0.25,0.00,0.03,2021
8,159,Maxwel Cornet,Lyon,1,67,0,0,0.00,0.04+0.04,0.00,0.05,2021
9,160,Marquinhos,Paris Saint Germain,5,450,0,0,0.41+0.41,0.10+0.10,0.08,0.02,2021
0,161,Maxime Le Marchand,Strasbourg,5,377,0,0,0.04+0.04,0.05+0.05,0.01,0.01,2021
1,162,Jean-Louis Leca,Lens,8,720,0,0,0.00,0.00,0.00,0.00,2021
2,163,Alexander Djiku,Strasbourg,7,592,0,0,0.26+0.26,0.05+0.05,0.04,0.01,2021
3,164,Yannick Cahuzac,Lens,6,286,0,0,0.00,0.00,0.00,0.00,2021
4,165,Ryad Boudebouz,Saint-Etienne,3,52,0,0,0.06+0.06,0.05+0.05,0.11,0.09,2021
5,166,Casimir Ninga,Angers,3,19,0,0,0.00,0.00,0.00,0.00,2021
6,167,Sébastien Corchia,Nantes,8,462,0,1,0.23+0.23,0.12-0.88,0.04,0.02,2021
7,168,Djibril Sidibe,Monaco,6,329,0,0,0.12+0.12,0.69+0.69,0.03,0.19,2021
8,169,Youssouf Kone,Troyes,3,194,0,0,0.09+0.09,0.08+0.08,0.04,0.04,2021
9,170,Léo Dubois,Lyon,6,478,0,0,0.04+0.04,0.52+0.52,0.01,0.10,2021
0,171,Paul Nardi,Lorient,8,720,0,0,0.00,0.00,0.00,0.00,2021
1,172,Karim Azamoum,Troyes,7,379,0,0,0.10+0.10,0.00,0.02,0.00,2021
2,173,Corentin Jean,Lens,3,17,0,0,0.09+0.09,0.00,0.48,0.00,2021
3,174,Jimmy Cabot,Angers,8,720,0,2,0.10+0.10,0.74-1.26,0.01,0.09,2021
4,175,Majeed Waris,Strasbourg,6,147,0,0,0.43+0.43,0.05+0.05,0.26,0.03,2021
5,176,Romain Philippoteaux,Brest,1,21,0,0,0.00,0.00,0.00,0.00,2021
6,177,Jimmy Briand,Bordeaux,4,92,0,0,0.18+0.18,0.03+0.03,0.17,0.03,2021
7,178,Marcus Coco,Nantes,7,215,0,0,0.24+0.24,0.11+0.11,0.10,0.05,2021
8,179,Vincent Manceau,Angers,8,720,0,0,0.00,0.40+0.40,0.00,0.05,2021
9,180,Pierrick Capelle,Angers,6,235,0,0,0.11+0.11,0.20+0.20,0.04,0.08,2021
0,181,Vincent Pajot,Metz,7,537,0,0,0.10+0.10,0.04+0.04,0.02,0.01,2021
1,182,Fabien Lemoine,Lorient,7,557,0,0,0.00,0.43+0.43,0.00,0.07,2021
2,183,Ronael Pierre Gabriel,Brest,8,697,0,0,0.41+0.41,0.95+0.95,0.05,0.12,2021
3,184,Dennis Appiah,Nantes,5,251,0,0,0.00,0.12+0.12,0.00,0.04,2021
4,185,Damien Da Silva,Lyon,3,180,0,0,0.00,0.00,0.00,0.00,2021
5,186,Marco Verratti,Paris Saint Germain,2,149,0,0,0.05+0.05,0.04+0.04,0.03,0.03,2021
6,187,Romain Hamouma,Saint-Etienne,8,404,0,0,1.26+1.26,0.35+0.35,0.28,0.08,2021
7,188,Dimitry Bertaud,Montpellier,5,450,0,0,0.00,0.00,0.00,0.00,2021
8,189,Presnel Kimpembe,Paris Saint Germain,8,636,0,0,0.08+0.08,0.02+0.02,0.01,0.00,2021
9,190,Enock Kwateng,Bordeaux,7,630,0,0,0.16+0.16,0.31+0.31,0.02,0.04,2021
0,191,Charles Traore,Nantes,8,376,0,0,0.00,0.00,0.00,0.00,2021
1,192,Kevin N'Doram,Metz,2,119,0,0,0.00,0.02+0.02,0.00,0.01,2021
2,193,Nicolas Pallois,Nantes,8,713,0,0,0.09+0.09,0.00,0.01,0.00,2021
3,194,Valentin Rongier,Marseille,6,339,0,1,1.13+1.13,0.58-0.42,0.30,0.15,2021
4,195,Romain Del Castillo,"Brest, Rennes",5,161,0,0,0.66+0.66,0.50+0.50,0.37,0.28,2021
5,196,Hassane Kamara,Nice,5,182,0,0,0.66+0.66,0.62+0.62,0.33,0.31,2021
6,197,Jonathan Bamba,Lille,3,256,0,0,0.50+0.50,0.55+0.55,0.18,0.19,2021
7,198,Mathieu Cafaro,Reims,3,166,0,0,0.18+0.18,0.06+0.06,0.10,0.03,2021
8,199,Anastasios Donis,Reims,2,27,0,0,0.58+0.58,0.00,1.94,0.00,2021
9,200,Wylan Cyprien,Nantes,3,153,0,0,0.02+0.02,0.13+0.13,0.01,0.08,2021
0,201,Benjamin Bourigeaud,Rennes,8,691,0,2,0.47+0.47,2.08+0.08,0.06,0.27,2021
1,202,Abdou Diallo,Paris Saint Germain,6,526,0,1,0.04+0.04,0.67-0.33,0.01,0.11,2021
2,203,Jean Eudes Aholou,Strasbourg,6,280,0,0,0.04+0.04,0.12+0.12,0.01,0.04,2021
3,204,Sada Thioub,Angers,1,1,0,0,0.00,0.00,0.00,0.00,2021
4,205,Roli Pereira De Sa,Nantes,4,136,0,0,0.00,0.12+0.12,0.00,0.08,2021
5,206,Laurent Abergel,Lorient,8,720,0,1,0.18+0.18,0.97-0.03,0.02,0.12,2021
6,207,Cédric Hountondji,Clermont Foot,8,720,0,0,0.18+0.18,0.00,0.02,0.00,2021
7,208,Andrew Gravillon,Reims,8,710,0,0,0.19+0.19,0.12+0.12,0.02,0.02,2021
8,209,Caio Henrique,Monaco,8,644,0,3,0.01+0.01,2.11-0.89,0.00,0.29,2021
9,210,Renato Sanches,Lille,1,90,0,0,0.03+0.03,0.05+0.05,0.03,0.05,2021
0,211,Kevin Danso,Lens,6,414,0,0,0.65+0.65,0.00,0.14,0.00,2021
1,212,Angel Gomes,Lille,6,308,0,0,0.13+0.13,0.43+0.43,0.04,0.13,2021
2,213,Yunis Abdelhamid,Reims,8,720,0,0,0.32+0.32,0.11+0.11,0.04,0.01,2021
3,214,Arnaud Souquet,Montpellier,7,270,0,0,0.09+0.09,0.07+0.07,0.03,0.02,2021
4,215,Walter Benítez,Nice,7,630,0,0,0.00,0.00,0.00,0.00,2021
5,216,Baptiste Santamaria,Rennes,6,381,0,1,0.08+0.08,0.02-0.98,0.02,0.00,2021
6,217,Opa Nguette,Metz,1,18,0,1,0.00,0.04-0.96,0.00,0.18,2021
7,218,Arnaud Nordin,Saint-Etienne,8,306,0,1,0.12+0.12,0.76-0.24,0.03,0.22,2021
8,219,Jordan Tell,Clermont Foot,5,34,0,1,0.13+0.13,0.80-0.20,0.35,2.11,2021
9,220,Xeka,Lille,5,439,0,0,0.16+0.16,0.37+0.37,0.03,0.08,2021
0,221,Houssem Aouar,Lyon,8,558,0,2,1.82+1.82,1.52-0.48,0.29,0.25,2021
1,222,Myziane Maolida,Nice,1,29,0,0,0.04+0.04,0.00,0.13,0.00,2021
2,223,Saif-Eddine Khaoui,Clermont Foot,5,156,0,0,0.06+0.06,0.02+0.02,0.03,0.01,2021
3,224,Amine Bassi,Metz,1,64,0,0,0.01+0.01,0.05+0.05,0.02,0.07,2021
4,225,Hugo Magnetti,Brest,4,268,0,0,0.07+0.07,0.02+0.02,0.02,0.01,2021
5,226,Mickael Nade,Saint-Etienne,5,395,0,0,0.53+0.53,0.08+0.08,0.12,0.02,2021
6,227,Farid Boulaya,Metz,2,38,0,0,0.00,0.00,0.00,0.00,2021
7,228,Pierre-Yves Hamel,"Clermont Foot, Lorient",7,192,0,0,0.93+0.93,0.05+0.05,0.43,0.02,2021
8,229,Romain Salin,Rennes,1,90,0,0,0.00,0.00,0.00,0.00,2021
9,230,Zaydou Youssef,Saint-Etienne,6,295,0,0,0.06+0.06,0.07+0.07,0.02,0.02,2021
0,231,Johan Gastien,Clermont Foot,7,590,0,1,0.07+0.07,0.51-0.49,0.01,0.08,2021
1,232,Boubacar Kamara,Marseille,6,451,0,0,0.06+0.06,0.24+0.24,0.01,0.05,2021
2,233,Mihailo Ristic,Montpellier,7,230,0,0,0.11+0.11,0.15+0.15,0.04,0.06,2021
3,234,Yoann Salmier,Troyes,5,444,0,0,0.11+0.11,0.00,0.02,0.00,2021
4,235,Dmitri Lienard,Strasbourg,7,579,0,1,0.09+0.09,0.45-0.55,0.01,0.07,2021
5,236,Alexandre Oukidja,Metz,8,720,0,0,0.00,0.00,0.00,0.00,2021
6,237,Tristan Dingome,Troyes,3,94,0,1,0.08+0.08,0.39-0.61,0.08,0.38,2021
7,238,Jimmy Giraudon,Troyes,8,720,0,0,0.00,0.00,0.00,0.00,2021
8,239,Ruben Aguilar,Monaco,6,352,0,0,0.00,0.06+0.06,0.00,0.01,2021
9,240,Thiago Mendes,Lyon,5,212,0,0,0.02+0.02,0.06+0.06,0.01,0.02,2021
0,241,Rominigue Kouame,Troyes,8,720,0,1,0.16+0.16,0.66-0.34,0.02,0.08,2021
1,242,Samuel Moutoussamy,Nantes,7,174,0,0,0.70+0.70,0.00,0.36,0.00,2021
2,243,Angelo Fulgini,Angers,8,649,0,1,0.78+0.78,0.67-0.33,0.11,0.09,2021
3,244,Otávio,Bordeaux,8,634,0,0,0.17+0.17,0.08+0.08,0.02,0.01,2021
4,245,Quentin Boisgard,Lorient,2,33,0,0,0.00,0.01+0.01,0.00,0.04,2021
5,246,Guillermo Maripán,Monaco,3,241,0,0,0.00,0.00,0.00,0.00,2021
6,247,Kalifa Coulibaly,Nantes,4,83,0,0,0.14+0.14,0.04+0.04,0.16,0.04,2021
7,248,Junior Sambia,Montpellier,7,444,0,0,0.09+0.09,0.30+0.30,0.02,0.06,2021
8,249,Levi Lumeka,Troyes,4,47,0,0,0.00,0.00,0.00,0.00,2021
9,250,Gerzino Nyamsi,Strasbourg,4,282,0,1,0.00,0.14-0.86,0.00,0.05,2021
0,251,Willem Geubbels,Nantes,2,55,0,0,0.09+0.09,0.00,0.14,0.00,2021
1,252,Anthony Caci,Strasbourg,8,522,0,1,0.15+0.15,0.96-0.04,0.03,0.17,2021
2,253,Oriol Busquets,Clermont Foot,2,61,0,0,0.00,0.00,0.00,0.00,2021
3,254,Vágner,Metz,3,77,0,0,0.35+0.35,0.07+0.07,0.41,0.09,2021
4,255,Mahdi Camara,Saint-Etienne,8,669,0,0,0.44+0.44,0.07+0.07,0.06,0.01,2021
5,256,Jean-Claude Billong,Clermont Foot,2,105,0,0,0.03+0.03,0.00,0.03,0.00,2021
6,257,Steven Fortes,Lens,1,90,0,0,0.00,0.00,0.00,0.00,2021
7,258,Aurelien Tchouameni,Monaco,8,621,0,0,0.67+0.67,1.22+1.22,0.10,0.18,2021
8,259,Timothy Weah,Lille,6,356,0,1,0.21+0.21,0.94-0.06,0.05,0.24,2021
9,260,Yacine Adli,Bordeaux,8,400,0,2,0.37+0.37,1.22-0.78,0.08,0.28,2021
0,261,Jean-Clair Todibo,Nice,7,517,0,0,0.62+0.62,0.19+0.19,0.11,0.03,2021
1,262,Sofiane Alakouch,Metz,2,102,0,0,0.02+0.02,0.01+0.01,0.01,0.01,2021
2,263,Renaud Ripart,Troyes,6,459,0,0,0.28+0.28,0.72+0.72,0.05,0.14,2021
3,264,Antonin Bobichon,Angers,1,10,0,0,0.00,0.00,0.00,0.00,2021
4,265,Mehmet Zeki Çelik,Lille,6,425,0,0,0.11+0.11,0.09+0.09,0.02,0.02,2021
5,266,Youcef Atal,Nice,5,364,0,0,0.03+0.03,0.18+0.18,0.01,0.04,2021
6,267,Thomas Fontaine,Lorient,2,169,0,0,0.00,0.00,0.00,0.00,2021
7,268,Ghislain Konan,Reims,6,540,0,1,0.10+0.10,0.76-0.24,0.02,0.13,2021
8,269,Axel Disasi,Monaco,7,548,0,0,0.32+0.32,0.12+0.12,0.05,0.02,2021
9,270,William Saliba,Marseille,6,540,0,0,0.59+0.59,0.47+0.47,0.10,0.08,2021
0,271,Toma Basic,Bordeaux,3,217,0,1,0.07+0.07,0.30-0.70,0.03,0.12,2021
1,272,Matz Sels,Strasbourg,8,720,0,0,0.08+0.08,0.02+0.02,0.01,0.00,2021
2,273,Naif Aguerd,Rennes,8,720,0,0,0.33+0.33,0.00,0.04,0.00,2021
3,274,Youssouf Fofana,Monaco,6,414,0,2,0.07+0.07,0.54-1.46,0.02,0.12,2021
4,275,Duje Caleta-Car,Marseille,1,90,0,0,0.02+0.02,0.00,0.02,0.00,2021
5,276,Farid El Melali,Angers,2,8,0,0,0.03+0.03,0.00,0.38,0.00,2021
6,277,Javairo Dilrosun,Bordeaux,4,221,0,0,0.14+0.14,0.25+0.25,0.06,0.10,2021
7,278,Wilson Isidor,Monaco,2,39,0,0,0.00,0.00,0.00,0.00,2021
8,279,Nemanja Radonjic,Marseille,1,14,0,0,0.00,0.13+0.13,0.00,0.81,2021
9,280,Valon Berisha,Reims,6,133,0,0,0.16+0.16,0.32+0.32,0.11,0.22,2021
0,281,Jonathan Gradit,Lens,7,627,0,0,0.01+0.01,0.58+0.58,0.00,0.08,2021
1,282,Benoit Badiashile Mukinayi,Monaco,6,439,0,0,0.28+0.28,0.00,0.06,0.00,2021
2,283,Giulian Biancone,Troyes,7,549,0,1,0.24+0.24,0.46-0.54,0.04,0.07,2021
3,284,Charles Nathan Abi,Saint-Etienne,1,47,0,0,0.00,0.00,0.00,0.00,2021
4,285,Maxence Caqueret,Lyon,8,568,0,0,0.32+0.32,0.23+0.23,0.05,0.04,2021
5,286,Souleyman Doumbia,Angers,6,475,0,0,0.19+0.19,0.31+0.31,0.04,0.06,2021
6,287,Eduardo Camavinga,Rennes,4,137,0,0,0.00,0.05+0.05,0.00,0.03,2021
7,288,Reinildo,Lille,7,608,0,0,0.00,0.02+0.02,0.00,0.00,2021
8,289,Philippe Sandler,Troyes,2,70,0,0,0.00,0.00,0.00,0.00,2021
9,290,Leonardo Balerdi,Marseille,6,540,0,0,0.00,0.04+0.04,0.00,0.01,2021
0,291,Eric Junior Dina Ebimbe,Paris Saint Germain,3,89,0,0,0.05+0.05,0.00,0.05,0.00,2021
1,292,Leo Petrot,Lorient,2,180,0,0,0.00,0.00,0.00,0.00,2021
2,293,Lucas Perrin,Strasbourg,5,349,0,0,0.24+0.24,0.01+0.01,0.06,0.00,2021
3,294,Jean Lucas,Monaco,6,327,0,0,0.22+0.22,0.18+0.18,0.06,0.05,2021
4,295,Darío Benedetto,Marseille,2,49,0,0,0.59+0.59,0.06+0.06,1.09,0.11,2021
5,296,Isaac Lihadji,Lille,3,34,0,2,0.04+0.04,0.24-1.76,0.11,0.64,2021
6,297,Predrag Rajkovic,Reims,8,720,0,0,0.00,0.01+0.01,0.00,0.00,2021
7,298,Nathanael Mbuku,Reims,7,308,0,0,0.17+0.17,0.17+0.17,0.05,0.05,2021
8,299,Julien Faussurier,Brest,5,57,0,0,0.00,0.17+0.17,0.00,0.27,2021
9,300,Haris Belkebla,Brest,6,340,0,0,0.00,0.00,0.00,0.00,2021
0,301,Joris Chotard,Montpellier,7,524,0,0,0.04+0.04,0.00,0.01,0.00,2021
1,302,Pereira Lage,Angers,4,29,0,1,0.01+0.01,0.68-0.32,0.04,2.12,2021
2,303,Loris Benito,Bordeaux,1,63,0,0,0.00,0.00,0.00,0.00,2021
3,304,Harold Moukoudi,Saint-Etienne,8,720,0,0,0.70+0.70,0.04+0.04,0.09,0.00,2021
4,305,Miguel Trauco,Saint-Etienne,3,201,0,0,0.07+0.07,0.03+0.03,0.03,0.01,2021
5,306,Tiago Djaló,Lille,4,296,0,0,0.08+0.08,0.00,0.02,0.00,2021
6,307,Domagoj Bradaric,Lille,2,23,0,0,0.00,0.34+0.34,0.00,1.32,2021
7,308,Léo Jardim,Lille,2,180,0,0,0.00,0.00,0.00,0.00,2021
8,309,Cheikh Niasse,Lille,1,4,0,0,0.00,0.00,0.00,0.00,2021
9,310,Jean-Ricner Bellegarde,Strasbourg,7,626,0,0,0.23+0.23,0.39+0.39,0.03,0.06,2021
0,311,Mamadou Fofana,Metz,1,30,0,0,0.00,0.00,0.00,0.00,2021
1,312,Thomas Delaine,Metz,4,252,0,1,0.13+0.13,0.54-0.46,0.04,0.19,2021
2,313,Adil Aouchiche,Saint-Etienne,8,198,0,1,0.25+0.25,0.51-0.49,0.11,0.23,2021
3,314,Evann Guessand,Nice,2,54,0,0,0.05+0.05,0.00,0.09,0.00,2021
4,315,Jean-Kevin Duverne,Brest,8,420,0,0,0.02+0.02,0.03+0.03,0.00,0.01,2021
5,316,Arnaud Kalimuendo Muinga,"Lens, Paris Saint Germain",6,229,0,0,0.18+0.18,0.08+0.08,0.07,0.03,2021
6,317,Stefan Bajic,Saint-Etienne,2,145,0,0,0.02+0.02,0.00,0.01,0.00,2021
7,318,Mathis Cherki,Lyon,5,95,0,0,0.26+0.26,0.12+0.12,0.25,0.12,2021
8,319,Boubacar Traore,Metz,7,213,0,0,0.08+0.08,0.06+0.06,0.03,0.02,2021
9,320,Ismail Jakobs,Monaco,3,78,0,0,0.00,0.01+0.01,0.00,0.01,2021
0,321,Hianga'a M'Bock,Brest,8,647,0,0,0.23+0.23,0.01+0.01,0.03,0.00,2021
1,322,Lucien Agoume,Brest,4,318,0,0,0.05+0.05,0.06+0.06,0.01,0.02,2021
2,323,Mehdi Zerkane,Bordeaux,5,50,0,0,0.02+0.02,0.05+0.05,0.04,0.08,2021
3,324,Lucas Da Cunha,Nice,3,87,0,1,0.09+0.09,0.83-0.17,0.09,0.86,2021
4,325,Georges Mikautadze,Metz,1,1,0,0,0.17+0.17,0.00,14.91,0.00,2021
5,326,Melvin Bard,Nice,7,549,0,1,0.00,0.98-0.02,0.00,0.16,2021
6,327,Dylan Bronn,Metz,7,630,0,0,0.10+0.10,0.00,0.01,0.00,2021
7,328,Maxence Rivera,Saint-Etienne,1,4,0,0,0.00,0.00,0.00,0.00,2021
8,329,Renaud Emond,Nantes,3,157,0,0,0.01+0.01,0.00,0.00,0.00,2021
9,330,Papa Ndiaga Yade,Metz,5,205,0,0,0.09+0.09,0.07+0.07,0.04,0.03,2021
0,331,Batista Mendy,Angers,7,598,0,0,0.06+0.06,0.12+0.12,0.01,0.02,2021
1,332,El Bilal Touré,Reims,3,205,0,0,0.74+0.74,0.28+0.28,0.32,0.12,2021
2,333,Kaj Sierhuis,Reims,2,80,0,0,0.08+0.08,0.11+0.11,0.09,0.12,2021
3,334,Yvann Maçon,Saint-Etienne,5,408,0,0,0.02+0.02,0.44+0.44,0.00,0.10,2021
4,335,Bruno Guimarães,Lyon,7,584,0,2,0.21+0.21,1.39-0.61,0.03,0.21,2021
5,336,Lucas Gourna Douath,Saint-Etienne,4,176,0,0,0.00,0.00,0.00,0.00,2021
6,337,Enzo Ebosse,Angers,3,112,0,0,0.00,0.00,0.00,0.00,2021
7,338,Waniss Taibi,Angers,2,85,0,0,0.07+0.07,0.00,0.08,0.00,2021
8,339,Adrien Truffert,Rennes,3,83,0,0,0.00,0.03+0.03,0.00,0.03,2021
9,340,Strahinja Pavlovic,Monaco,5,277,0,0,0.44+0.44,0.00,0.14,0.00,2021
0,341,Chrislain Matsima,Monaco,2,60,0,0,0.08+0.08,0.00,0.11,0.00,2021
1,342,Eliot Matazo,Monaco,3,105,0,0,0.00,0.03+0.03,0.00,0.02,2021
2,343,Wout Faes,Reims,8,720,0,0,0.00,0.08+0.08,0.00,0.01,2021
3,344,Houboulang Mendes,Lorient,7,627,0,0,0.68+0.68,0.00,0.10,0.00,2021
4,345,Julien Laporte,Lorient,8,720,0,0,0.01+0.01,0.05+0.05,0.00,0.01,2021
5,346,Enzo Le Fée,Lorient,7,358,0,1,0.19+0.19,0.10-0.90,0.05,0.02,2021
6,347,Stéphane Diarra,Lorient,4,41,0,0,0.09+0.09,0.00,0.20,0.00,2021
7,348,Adrian Grbic,Lorient,7,136,0,0,0.19+0.19,0.45+0.45,0.12,0.30,2021
8,349,Mehdi Chahiri,Strasbourg,1,13,0,0,0.00,0.00,0.00,0.00,2021
9,350,Birger Meling,Rennes,7,620,0,2,0.18+0.18,0.50-1.50,0.03,0.07,2021
0,351,Jordan Lotomba,Nice,6,176,0,0,0.10+0.10,0.00,0.05,0.00,2021
1,352,Dan Ndoye,Nice,3,200,0,1,0.22+0.22,0.19-0.81,0.10,0.09,2021
2,353,Flavius Daniliuc,Nice,5,216,0,0,0.00,0.00,0.00,0.00,2021
3,354,Loic Bade,Rennes,5,400,0,0,0.00,0.05+0.05,0.00,0.01,2021
4,355,Cheick Oumar Doucoure,Lens,6,512,0,0,0.06+0.06,0.24+0.24,0.01,0.04,2021
5,356,Ismael Boura,Lens,5,94,0,0,0.01+0.01,0.00,0.01,0.00,2021
6,357,Lilian Brassier,Brest,8,720,0,0,0.02+0.02,0.15+0.15,0.00,0.02,2021
7,358,Jonas Omlin,Montpellier,3,270,0,0,0.00,0.00,0.00,0.00,2021
8,359,Cheick Tidiane Sabaly,Metz,4,126,0,0,0.36+0.36,0.02+0.02,0.26,0.01,2021
9,360,Warren Tchimbembé,Metz,3,44,0,0,0.00,0.00,0.00,0.00,2021
0,361,Yvan Neyou,Saint-Etienne,7,587,0,0,0.10+0.10,0.10+0.10,0.02,0.02,2021
1,362,Jean-Phillipe Krasso,Saint-Etienne,6,180,0,1,0.47+0.47,0.51-0.49,0.24,0.25,2021
2,363,Jerome Hergault,Lorient,3,119,0,0,0.00,0.00,0.00,0.00,2021
3,364,Pape Alassane Gueye,Marseille,7,358,0,1,0.16+0.16,0.16-0.84,0.04,0.04,2021
4,365,Tinotenda Kadewere,Lyon,2,19,0,0,0.44+0.44,0.00,2.10,0.00,2021
5,366,Sinaly Diomande,Lyon,7,468,0,0,0.32+0.32,0.02+0.02,0.06,0.00,2021
6,367,Lamine Gueye,Metz,6,372,0,2,1.72+1.72,0.61-1.39,0.42,0.15,2021
7,368,David Pereira Da Costa,Lens,5,97,0,0,0.14+0.14,0.06+0.06,0.13,0.06,2021
8,369,Nassim Chadli,Troyes,2,2,0,0,0.05+0.05,0.00,2.36,0.00,2021
9,370,Ivo Grbic,Lille,6,540,0,0,0.00,0.00,0.00,0.00,2021
0,371,Konrad De la Fuente,Marseille,7,375,0,2,0.19+0.19,1.19-0.81,0.05,0.28,2021
1,372,Lorenz Assignon,Rennes,3,119,0,0,0.00,0.00,0.00,0.00,2021
2,373,Luis Henrique,Marseille,6,134,0,0,0.76+0.76,0.00,0.51,0.00,2021
3,374,Jéremy Doku,Rennes,3,151,0,0,0.76+0.76,0.02+0.02,0.45,0.01,2021
4,375,Malo Gusto,Lyon,5,332,0,0,0.09+0.09,0.84+0.84,0.02,0.23,2021
5,376,Pape Sarr,Metz,8,700,0,1,0.27+0.27,0.69-0.31,0.04,0.09,2021
6,377,Danilo Pereira,Paris Saint Germain,4,299,0,0,0.13+0.13,0.03+0.03,0.04,0.01,2021
7,378,Mahamé Siby,Strasbourg,2,14,0,0,0.00,0.00,0.00,0.00,2021
8,379,Amadou Traoré,Bordeaux,1,17,0,0,0.00,0.00,0.00,0.00,2021
9,380,Sepe Elye Wahi,Montpellier,8,225,0,0,0.76+0.76,0.15+0.15,0.30,0.06,2021
0,381,Krépin Diatta,Monaco,5,195,0,0,0.08+0.08,0.01+0.01,0.03,0.01,2021
1,382,Etienne Green,Saint-Etienne,7,572,0,0,0.00,0.01+0.01,0.00,0.00,2021
2,383,Issouf Sissokho,Bordeaux,4,316,0,0,0.08+0.08,0.27+0.27,0.02,0.08,2021
3,384,Quentin Merlin,Nantes,4,14,0,0,0.00,0.07+0.07,0.00,0.47,2021
4,385,Dion Lopy,Reims,2,76,0,0,0.04+0.04,0.00,0.05,0.00,2021
5,386,Chimuanya Ugochukwu,Rennes,6,326,0,0,0.16+0.16,0.14+0.14,0.04,0.04,2021
6,387,Maxime Estève,Montpellier,7,417,0,0,0.00,0.02+0.02,0.00,0.00,2021
7,388,Matthis Abline,Rennes,7,90,0,0,0.78+0.78,0.00,0.78,0.00,2021
8,389,Warmed Omari,Rennes,6,317,0,0,0.12+0.12,0.10+0.10,0.03,0.03,2021
9,390,Habib Keita,Lyon,2,2,0,0,0.03+0.03,0.00,1.46,0.00,2021
0,391,Castello Lukeba,Lyon,2,138,0,0,0.00,0.00,0.00,0.00,2021
1,392,Andy Diouf,Rennes,1,4,0,0,0.00,0.00,0.00,0.00,2021
2,393,Mathys Saban,Saint-Etienne,3,67,0,0,0.00,0.00,0.00,0.00,2021
3,394,Myron Boadu,Monaco,7,260,0,1,0.64+0.64,0.54-0.46,0.22,0.19,2021
4,395,Marco Bizot,Brest,8,720,0,0,0.00,0.00,0.00,0.00,2021
5,396,Jere Uronen,Brest,5,379,0,0,0.02+0.02,0.00,0.01,0.00,2021
6,397,Gauthier Gallon,Troyes,8,720,0,0,0.00,0.00,0.00,0.00,2021
7,398,Issa Kabore,Troyes,7,473,0,1,0.03+0.03,0.32-0.68,0.01,0.06,2021
8,399,Dylan Chambost,Troyes,6,255,0,1,0.19+0.19,0.12-0.88,0.07,0.04,2021
9,400,Florian Tardieu,Troyes,6,540,0,0,0.06+0.06,0.46+0.46,0.01,0.08,2021
0,401,Mykola Kukharevych,Troyes,2,9,0,0,0.06+0.06,0.00,0.64,0.00,2021
1,402,Tanguy Zoukrou,Troyes,4,63,0,0,0.06+0.06,0.00,0.08,0.00,2021
2,403,Brandon Domingues,Troyes,4,44,0,0,0.01+0.01,0.05+0.05,0.02,0.11,2021
3,404,Nathan Bitumazala,Paris Saint Germain,1,8,0,0,0.00,0.00,0.00,0.00,2021
4,405,Christopher Wooh,Lens,4,302,0,0,0.04+0.04,0.13+0.13,0.01,0.04,2021
5,406,Deiver Machado,Lens,8,293,0,0,0.02+0.02,0.19+0.19,0.01,0.06,2021
6,407,Karol Fila,Strasbourg,5,292,0,0,0.00,0.71+0.71,0.00,0.22,2021
7,408,Abdel Jalil Zaim Idriss Medioub,Bordeaux,3,47,0,0,0.00,0.00,0.00,0.00,2021
8,409,Arthur Desmas,Clermont Foot,8,720,0,0,0.00,0.00,0.00,0.00,2021
9,410,Akim Zedadka,Clermont Foot,8,720,0,0,0.24+0.24,0.28+0.28,0.03,0.03,2021
0,411,Florent Ogier,Clermont Foot,7,615,0,0,0.64+0.64,0.30+0.30,0.09,0.04,2021
1,412,Vital N'Simba,Clermont Foot,8,513,0,1,0.11+0.11,0.73-0.27,0.02,0.13,2021
2,413,Salis Abdul Samed,Clermont Foot,7,544,0,0,0.00,0.15+0.15,0.00,0.02,2021
3,414,Jason Berthomier,Clermont Foot,8,521,0,2,0.63+0.63,1.72-0.28,0.11,0.30,2021
4,415,Jim Allevinah,Clermont Foot,8,434,0,0,0.78+0.78,0.18+0.18,0.16,0.04,2021
5,416,Jonathan Iglesias,Clermont Foot,7,232,0,0,0.00,0.14+0.14,0.00,0.05,2021
6,417,Arial Mendy,Clermont Foot,4,207,0,0,0.07+0.07,0.76+0.76,0.03,0.33,2021
7,418,Alidu Seidu,Clermont Foot,2,15,0,0,0.25+0.25,0.00,1.47,0.00,2021
8,419,Pablo Rosario,Nice,7,561,0,0,0.40+0.40,0.24+0.24,0.06,0.04,2021
9,420,Billal Brahimi,Angers,2,21,0,0,0.06+0.06,0.10+0.10,0.25,0.43,2021
0,421,Bradley Locko,Reims,2,99,0,0,0.00,0.00,0.00,0.00,2021
1,422,Bryan Djile Nokoue,Saint-Etienne,2,53,0,0,0.00,0.00,0.00,0.00,2021
2,423,Igor Silva,Lorient,8,602,0,0,0.15+0.15,0.13+0.13,0.02,0.02,2021
3,424,Dango Ouattara,Lorient,2,3,0,0,0.00,0.00,0.00,0.00,2021
4,425,Redwan Bourlès,Lorient,2,7,0,0,0.00,0.00,0.00,0.00,2021
5,426,Lenny Joseph,Metz,2,37,0,0,0.00,0.00,0.00,0.00,2021
6,427,Amadou Onana,Lille,5,128,0,0,0.34+0.34,0.15+0.15,0.24,0.10,2021
7,428,Thuler,Montpellier,7,545,0,0,0.03+0.03,0.00,0.00,0.00,2021
8,429,Léo Leroy,Montpellier,6,105,0,0,0.03+0.03,0.01+0.01,0.03,0.01,2021
9,430,Béni Makouana,Montpellier,4,26,0,0,0.04+0.04,0.00,0.13,0.00,2021
0,431,Luan Peres,Marseille,7,570,0,1,0.00,0.69-0.31,0.00,0.11,2021
1,432,Henrique,Lyon,2,91,0,0,0.00,0.03+0.03,0.00,0.03,2021
2,433,Rafiki Said,Brest,3,14,0,0,0.18+0.18,0.00,1.13,0.00,2021
3,434,Mathys Tel,Rennes,3,28,0,0,0.00,0.09+0.09,0.00,0.30,2021
4,435,Osman Bukari,Nantes,5,248,0,0,0.71+0.71,0.74+0.74,0.26,0.27,2021
5,436,Sikou Niakaté,Metz,3,203,0,0,0.12+0.12,0.04+0.04,0.05,0.02,2021
6,437,Gideon Mensah,Bordeaux,3,228,0,0,0.05+0.05,0.53+0.53,0.02,0.21,2021
7,438,Fransérgio,Bordeaux,5,288,0,0,0.00,0.04+0.04,0.00,0.01,2021
8,439,Théo Le Bris,Lorient,1,1,0,0,0.00,0.00,0.00,0.00,2021
9,440,Lovro Majer,Rennes,1,8,0,0,0.01+0.01,0.00,0.12,0.00,2021
0,441,Mitchell van Bergen,Reims,5,292,0,0,0.28+0.28,0.12+0.12,0.09,0.04,2021
1,442,Moritz Jenz,Lorient,3,251,0,0,0.02+0.02,0.00,0.01,0.00,2021
2,443,Gabriel Gudmundsson,Lille,4,140,0,0,0.02+0.02,0.01+0.01,0.01,0.01,2021
3,444,Nuno Mendes,Paris Saint Germain,3,173,0,0,0.02+0.02,0.00,0.01,0.00,2021
4,445,Yanis Guermouche,Montpellier,1,1,0,0,0.00,0.00,0.00,0.00,2021
5,446,Nicholas Gioacchini,Montpellier,4,43,0,1,0.09+0.09,0.05-0.95,0.19,0.11,2021
6,447,Ignacio Ramírez,Saint-Etienne,3,108,0,0,0.04+0.04,0.00,0.03,0.00,2021
7,448,Loum Tchaouna,Rennes,1,7,0,0,0.00,0.00,0.00,0.00,2021
8,449,Azor Matusiwa,Reims,4,343,0,0,0.03+0.03,0.02+0.02,0.01,0.00,2021
9,450,Stian Rode Gregersen,Bordeaux,4,277,0,0,0.09+0.09,0.00,0.03,0.00,2021
